Description	FDR	Ratio	BgRatio
Neoplastic Cell Transformation	2.07822159094918e-05	13/149	110/9163
Precursor B-Cell Lymphoblastic Leukemia-Lymphoma	0.000350050815795515	5/149	12/9163
Lung Neoplasms	0.00162922408342635	15/149	237/9163
Malignant neoplasm of lung	0.00162922408342635	15/149	238/9163
Burkitt Lymphoma	0.00330982918630178	6/149	36/9163
Endometrial Carcinoma	0.00330982918630178	8/149	71/9163
Leukemia, Myelocytic, Acute	0.00817908554376971	11/149	170/9163
Neoplasms	0.00817908554376971	7/149	65/9163
Benign Neoplasm	0.00817908554376971	7/149	65/9163
Hematopoetic Myelodysplasia	0.00817908554376971	5/149	29/9163
Gastro-enteropancreatic neuroendocrine tumor	0.00817908554376971	4/149	15/9163
Apraxias	0.00833998009474424	2/149	2/9163
Malignant Neoplasms	0.00833998009474424	9/149	125/9163
Adenocarcinoma of prostate	0.00833998009474424	4/149	20/9163
Leukemia, Monocytic, Chronic	0.00833998009474424	4/149	18/9163
Myeloid Leukemia	0.00833998009474424	4/149	18/9163
Ideational Apraxia	0.00833998009474424	2/149	2/9163
Apraxia, Motor	0.00833998009474424	2/149	2/9163
Dressing Apraxia	0.00833998009474424	2/149	2/9163
Cornelia De Lange Syndrome	0.00833998009474424	3/149	8/9163
Apraxia, Verbal	0.00833998009474424	2/149	2/9163
Apraxia, Gestural	0.00833998009474424	2/149	2/9163
Apraxia, Oral	0.00833998009474424	2/149	2/9163
Apraxia, Developmental Verbal	0.00833998009474424	2/149	2/9163
Apraxia, Facial-Oral	0.00833998009474424	2/149	2/9163
Leukemia, Megakaryoblastic, of Down Syndrome	0.00833998009474424	3/149	8/9163
Precursor T-Cell Lymphoblastic Leukemia-Lymphoma	0.00833998009474424	6/149	53/9163
Rhabdoid tumor predisposition syndrome	0.00833998009474424	2/149	2/9163
Apraxia, Articulatory	0.00833998009474424	2/149	2/9163
Glioblastoma	0.0086579171238792	7/149	79/9163
Endometrial Neoplasms	0.0090125671675235	6/149	57/9163
Precursor B-cell lymphoblastic leukemia	0.00921905023982643	4/149	21/9163
Giant Cell Glioblastoma	0.011494141060584	7/149	84/9163
Neoplasm of uncertain or unknown behavior of breast	0.0129396609890304	5/149	41/9163
Breast adenocarcinoma	0.0129396609890304	5/149	41/9163
Ductal Carcinoma	0.0159689428244789	3/149	11/9163
MYELODYSPLASTIC SYNDROME	0.0181753315703474	6/149	67/9163
Apraxia of Phonation	0.0186568895160662	2/149	3/9163
Coffin-Siris syndrome	0.0237297308460903	3/149	13/9163
Chromosome Breaks	0.0237297308460903	3/149	13/9163
Chromosome Breakage	0.0237297308460903	3/149	13/9163
Bowen's Disease	0.0292244020277094	2/149	4/9163
Clear Cell Sarcoma of Soft Tissue	0.0292244020277094	2/149	4/9163
Branchio-Oto-Renal Syndrome	0.0292244020277094	2/149	4/9163
Branchio-Oculo-Facial Syndrome	0.0292244020277094	2/149	4/9163
ovarian neoplasm	0.0292244020277094	8/149	134/9163
Branchiootorenal Syndrome 2	0.0292244020277094	2/149	4/9163
Branchiootorenal Syndrome 1	0.0292244020277094	2/149	4/9163
African Burkitt's lymphoma	0.0302261997277601	3/149	15/9163
Burkitt Leukemia	0.0302261997277601	3/149	15/9163
Malignant neoplasm of ovary	0.0309891035072466	8/149	137/9163
Prostatic Neoplasms	0.0312933750822645	20/149	609/9163
Diffuse Large B-Cell Lymphoma	0.0312933750822645	5/149	55/9163
Middle Cerebral Artery Syndrome	0.0312933750822645	4/149	34/9163
Middle Cerebral Artery Thrombosis	0.0312933750822645	4/149	34/9163
Middle Cerebral Artery Occlusion	0.0312933750822645	4/149	34/9163
Infarction, Middle Cerebral Artery	0.0312933750822645	4/149	34/9163
Middle Cerebral Artery Embolus	0.0312933750822645	4/149	34/9163
Left Middle Cerebral Artery Infarction	0.0312933750822645	4/149	34/9163
Embolic Infarction, Middle Cerebral Artery	0.0312933750822645	4/149	34/9163
Thrombotic Infarction, Middle Cerebral Artery	0.0312933750822645	4/149	34/9163
Right Middle Cerebral Artery Infarction	0.0312933750822645	4/149	34/9163
Glioblastoma Multiforme	0.0313682253657483	7/149	111/9163
Adenocarcinoma	0.0334771911391756	7/149	116/9163
Brain Ischemia	0.0334771911391756	5/149	60/9163
Fetal Alcohol Syndrome	0.0334771911391756	3/149	17/9163
Nephroblastoma	0.0334771911391756	4/149	35/9163
Adenocarcinoma, Basal Cell	0.0334771911391756	7/149	116/9163
Adenocarcinoma, Oxyphilic	0.0334771911391756	7/149	116/9163
Carcinoma, Cribriform	0.0334771911391756	7/149	116/9163
Carcinoma, Granular Cell	0.0334771911391756	7/149	116/9163
Adenocarcinoma, Tubular	0.0334771911391756	7/149	116/9163
Weaver syndrome	0.0334771911391756	2/149	5/9163
Cerebral Ischemia	0.0334771911391756	5/149	60/9163
Congenital muscular hypertrophy-cerebral syndrome	0.0334771911391756	2/149	5/9163
Cornelia de Lange Syndrome 3	0.0334771911391756	2/149	5/9163
Cornelia de Lange Syndrome 1	0.0334771911391756	2/149	5/9163
Reperfusion Injury	0.0350852308708642	6/149	88/9163
Precursor Cell Lymphoblastic Leukemia Lymphoma	0.0350852308708642	5/149	61/9163
Ulcerative Colitis	0.0398874948652271	5/149	63/9163
Acute Myeloid Leukemia, M1	0.0428945354423215	7/149	123/9163
Acute Myeloid Leukemia (AML-M2)	0.0428945354423215	7/149	123/9163
Neurodevelopmental Disorders	0.0438333390675388	6/149	93/9163
Osteosarcoma	0.0460374458863431	4/149	42/9163
Petit mal status	0.0460374458863431	5/149	67/9163
Grand Mal Status Epilepticus	0.0460374458863431	5/149	67/9163
Malignant neoplasm of prostate	0.0460374458863431	19/149	609/9163
Granulomatous Slack Skin	0.0460374458863431	3/149	21/9163
Complex Partial Status Epilepticus	0.0460374458863431	5/149	67/9163
Status Epilepticus, Subclinical	0.0460374458863431	5/149	67/9163
Non-Convulsive Status Epilepticus	0.0460374458863431	5/149	67/9163
Simple Partial Status Epilepticus	0.0460374458863431	5/149	67/9163
Status Epilepticus	0.0470831913374281	5/149	68/9163
Juvenile arthritis	0.0470831913374281	7/149	129/9163
Juvenile psoriatic arthritis	0.0470831913374281	7/149	129/9163
Polyarthritis, Juvenile, Rheumatoid Factor Negative	0.0470831913374281	7/149	129/9163
Polyarthritis, Juvenile, Rheumatoid Factor Positive	0.0470831913374281	7/149	129/9163
Lymphoma, T-Cell, Cutaneous	0.0480254606150833	3/149	22/9163
Cocaine-Related Disorders	0.0499066244340829	6/149	99/9163
Juvenile-Onset Still Disease	0.0538766353367486	7/149	133/9163
Mammary Neoplasms	0.0586515147970698	16/149	494/9163
AUTISM, SUSCEPTIBILITY TO, 15	0.061487895700623	2/149	8/9163
Amyotrophic Lateral Sclerosis, Sporadic	0.06568067159692	4/149	48/9163
Amyotrophic Lateral Sclerosis, Familial	0.06568067159692	4/149	48/9163
Atherosclerosis	0.0657018118316669	4/149	59/9163
Cholestasis, Extrahepatic	0.0657018118316669	3/149	32/9163
Malignant tumor of colon	0.0657018118316669	7/149	156/9163
Non-Small Cell Lung Carcinoma	0.0657018118316669	7/149	147/9163
Uterine Cervical Neoplasm	0.0657018118316669	3/149	30/9163
Cocaine Abuse	0.0657018118316669	6/149	109/9163
Colonic Neoplasms	0.0657018118316669	7/149	149/9163
Female infertility	0.0657018118316669	3/149	28/9163
Language Delay	0.0657018118316669	2/149	11/9163
Language Development Disorders	0.0657018118316669	2/149	11/9163
Childhood Acute Lymphoblastic Leukemia	0.0657018118316669	4/149	52/9163
L2 Acute Lymphoblastic Leukemia	0.0657018118316669	4/149	50/9163
Adult T-Cell Lymphoma/Leukemia	0.0657018118316669	3/149	31/9163
Ovarian Carcinoma	0.0657018118316669	3/149	30/9163
Sterility, Postpartum	0.0657018118316669	3/149	28/9163
Stevens-Johnson Syndrome	0.0657018118316669	3/149	30/9163
Neuroectodermal Tumors	0.0657018118316669	1/149	1/9163
Disease Exacerbation	0.0657018118316669	7/149	153/9163
Female Pseudohermaphroditism	0.0657018118316669	1/149	1/9163
Speech Delay	0.0657018118316669	2/149	11/9163
Primary central nervous system lymphoma	0.0657018118316669	1/149	1/9163
Subfertility, Female	0.0657018118316669	3/149	28/9163
Primary immune deficiency disorder	0.0657018118316669	1/149	1/9163
Specific language impairment	0.0657018118316669	1/149	1/9163
Semantic-Pragmatic Disorder	0.0657018118316669	2/149	11/9163
Neoplasm of uncertain or unknown behavior of ovary	0.0657018118316669	3/149	29/9163
Advanced bone age	0.0657018118316669	1/149	1/9163
Cocaine Dependence	0.0657018118316669	6/149	120/9163
Breast Carcinoma	0.0657018118316669	16/149	505/9163
Upper Extremity Deformities, Congenital	0.0657018118316669	1/149	1/9163
Auditory Processing Disorder, Central	0.0657018118316669	2/149	11/9163
Female sterility	0.0657018118316669	3/149	28/9163
Gestational Trophoblastic Neoplasms	0.0657018118316669	1/149	1/9163
Mammary Neoplasms, Human	0.0657018118316669	15/149	492/9163
Glucose Metabolism Disorders	0.0657018118316669	1/149	1/9163
Histiocytoma, Angiomatoid Fibrous	0.0657018118316669	1/149	1/9163
Atypical Teratoid Rhabdoid Tumor	0.0657018118316669	1/149	1/9163
Myelodysplastic-Myeloproliferative Diseases	0.0657018118316669	1/149	1/9163
Sporadic Breast Carcinoma	0.0657018118316669	1/149	1/9163
Dystonia 6, torsion (disorder)	0.0657018118316669	1/149	1/9163
Chronic Lymphoproliferative Disorder of NK-Cells	0.0657018118316669	1/149	1/9163
Primary peritoneal carcinoma	0.0657018118316669	1/149	1/9163
Atherogenesis	0.0657018118316669	4/149	59/9163
MYELOPROLIFERATIVE SYNDROME, TRANSIENT	0.0657018118316669	1/149	1/9163
Teratoid Tumor, Atypical	0.0657018118316669	1/149	1/9163
RHABDOID TUMOR PREDISPOSITION SYNDROME 1 (disorder)	0.0657018118316669	1/149	1/9163
CORNEAL DYSTROPHY, POSTERIOR POLYMORPHOUS, 3 (disorder)	0.0657018118316669	1/149	1/9163
Dystonia 3, Torsion, X-Linked	0.0657018118316669	1/149	1/9163
Thrombocytopenia, Platelet Dysfunction, Hemolysis, and Imbalanced Globin Synthesis	0.0657018118316669	1/149	1/9163
Barakat syndrome	0.0657018118316669	1/149	1/9163
Glucocorticoid Receptor Deficiency	0.0657018118316669	1/149	1/9163
Pseudohermaphroditism, Female, With Hypokalemia, Due To Glucocorticoid Resistance	0.0657018118316669	1/149	1/9163
BODY COMPOSITION, BENEFICIAL	0.0657018118316669	1/149	1/9163
CORONARY ARTERY DISEASE, AUTOSOMAL DOMINANT, 1	0.0657018118316669	1/149	1/9163
Recurrent bacterial infection	0.0657018118316669	1/149	1/9163
Dyserythropoietic Anemia with Thrombocytopenia	0.0657018118316669	1/149	1/9163
Siderius X-linked mental retardation syndrome	0.0657018118316669	1/149	1/9163
Overgrowth	0.0657018118316669	1/149	1/9163
Maturity-Onset Diabetes of the Young, Type 1	0.0657018118316669	1/149	1/9163
Coronal craniosynostosis	0.0657018118316669	1/149	1/9163
Bare Lymphocyte Syndrome, Type II, Complementation Group C	0.0657018118316669	1/149	1/9163
Bare Lymphocyte Syndrome, Type II, Complementation Group E	0.0657018118316669	1/149	1/9163
Transient Myeloproliferative Disorder of Down Syndrome	0.0657018118316669	1/149	1/9163
AMYOTROPHIC LATERAL SCLEROSIS 1	0.0657018118316669	4/149	50/9163
Plantar Lipomatosis, Unusual Facies, and Developmental Delay	0.0657018118316669	1/149	1/9163
Small cell carcinoma of ovary	0.0657018118316669	1/149	1/9163
Endometrial stromal sarcoma, high grade	0.0657018118316669	1/149	1/9163
BREAST-OVARIAN CANCER, FAMILIAL, SUSCEPTIBILITY TO, 1	0.0657018118316669	1/149	1/9163
BREAST CANCER, FAMILIAL, SUSCEPTIBILITY TO, 1	0.0657018118316669	1/149	1/9163
OVARIAN CANCER, FAMILIAL, SUSCEPTIBILITY TO, 1	0.0657018118316669	1/149	1/9163
Rhabdoid Tumor Predisposition Syndrome 2	0.0657018118316669	1/149	1/9163
Malignant Rhabdoid Tumor, Somatic	0.0657018118316669	1/149	1/9163
CORNEAL DYSTROPHY, FUCHS ENDOTHELIAL, 6	0.0657018118316669	1/149	1/9163
Neutropenia and hyperlymphocytosis with large granular lymphocytes	0.0657018118316669	1/149	1/9163
Gestational trophoblastic disease	0.0657018118316669	1/149	1/9163
46, XX Disorders of Sex Development	0.0657018118316669	1/149	1/9163
MENTAL RETARDATION, AUTOSOMAL DOMINANT 20	0.0657018118316669	1/149	1/9163
RUBINSTEIN-TAYBI SYNDROME 2	0.0657018118316669	1/149	1/9163
IMMUNODEFICIENCY 31B	0.0657018118316669	1/149	1/9163
CHONDRODYSPLASIA WITH PLATYSPONDYLY, DISTINCTIVE BRACHYDACTYLY, HYDROCEPHALY, AND MICROPHTHALMIA	0.0657018118316669	1/149	1/9163
Emberger Syndrome	0.0657018118316669	1/149	1/9163
CANDIDIASIS, FAMILIAL, 7	0.0657018118316669	1/149	1/9163
GATA2 Deficiency	0.0657018118316669	1/149	1/9163
PANCREATIC CANCER, SUSCEPTIBILITY TO, 4	0.0657018118316669	1/149	1/9163
Hyper-Ige Recurrent Infection Syndrome, Autosomal Dominant	0.0657018118316669	1/149	1/9163
THROMBOCYTOPENIA, X-LINKED, WITH OR WITHOUT DYSERYTHROPOIETIC ANEMIA	0.0657018118316669	1/149	1/9163
ANEMIA, X-LINKED, WITH OR WITHOUT NEUTROPENIA AND/OR PLATELET ABNORMALITIES	0.0657018118316669	1/149	1/9163
CORNELIA DE LANGE SYNDROME 5	0.0657018118316669	1/149	1/9163
MENTAL RETARDATION, AUTOSOMAL DOMINANT 15	0.0657018118316669	1/149	1/9163
COFFIN-SIRIS SYNDROME 4	0.0657018118316669	1/149	1/9163
CORNELIA DE LANGE SYNDROME 4	0.0657018118316669	1/149	1/9163
15q24 Microdeletion	0.0657018118316669	1/149	1/9163
CRANIOSYNOSTOSIS 3	0.0657018118316669	1/149	1/9163
ESTROGEN RESISTANCE	0.0657018118316669	1/149	1/9163
EPILEPTIC ENCEPHALOPATHY, CHILDHOOD-ONSET	0.0657018118316669	1/149	1/9163
MENTAL RETARDATION, AUTOSOMAL DOMINANT 21	0.0657018118316669	1/149	1/9163
DEAFNESS, AUTOSOMAL DOMINANT 27	0.0657018118316669	1/149	1/9163
WILMS TUMOR, SUSCEPTIBILITY TO	0.0657018118316669	1/149	1/9163
IMMUNODEFICIENCY 31A	0.0657018118316669	1/149	1/9163
CONGENITAL HEART DEFECTS, MULTIPLE TYPES, 4	0.0657018118316669	1/149	1/9163
AUTOIMMUNE DISEASE, MULTISYSTEM, INFANTILE-ONSET, 1	0.0657018118316669	1/149	1/9163
FANCONI RENOTUBULAR SYNDROME 4 WITH MATURITY-ONSET DIABETES OF THE YOUNG	0.0657018118316669	1/149	1/9163
Abnormality of the abdominal wall	0.0657018118316669	1/149	1/9163
cervical cancer	0.0657018118316669	3/149	29/9163
IMMUNODEFICIENCY, COMMON VARIABLE, 13	0.0657018118316669	1/149	1/9163
ENCEPHALOPATHY, ACUTE, INFECTION-INDUCED (HERPES-SPECIFIC), SUSCEPTIBILITY TO, 7	0.0657018118316669	1/149	1/9163
MENTAL RETARDATION, X-LINKED, SYNDROMIC 33	0.0657018118316669	1/149	1/9163
Hyperinsulinism due to HNF4A deficiency	0.0657018118316669	1/149	1/9163
5q14.3 microdeletion syndrome	0.0657018118316669	1/149	1/9163
MENTAL RETARDATION, AUTOSOMAL DOMINANT 41	0.0657018118316669	1/149	1/9163
AGAMMAGLOBULINEMIA 8, AUTOSOMAL DOMINANT	0.0657018118316669	1/149	1/9163
WITTEVEEN-KOLK SYNDROME	0.0657018118316669	1/149	1/9163
INTELLECTUAL DEVELOPMENTAL DISORDER WITH PERSISTENCE OF FETAL HEMOGLOBIN	0.0657018118316669	1/149	1/9163
GABRIELE-DE VRIES SYNDROME	0.0657018118316669	1/149	1/9163
NEURODEGENERATION, CHILDHOOD-ONSET, WITH BRAIN ATROPHY	0.0657018118316669	1/149	1/9163
PILAROWSKI-BJORNSSON SYNDROME	0.0657018118316669	1/149	1/9163
FANCONI ANEMIA, COMPLEMENTATION GROUP S	0.0657018118316669	1/149	1/9163
Mammary Carcinoma, Human	0.0657018118316669	15/149	492/9163
HYPER-IgE RECURRENT INFECTION SYNDROME 1, AUTOSOMAL DOMINANT	0.0657018118316669	1/149	1/9163
MENTAL RETARDATION, AUTOSOMAL RECESSIVE 65	0.0657018118316669	1/149	1/9163
7q31 microdeletion syndrome	0.0657018118316669	1/149	1/9163
Benign tumor of pancreas	0.0729763049929709	2/149	13/9163
Fetal Alcohol Spectrum Disorders	0.0729763049929709	2/149	13/9163
Hepatoma, Morris	0.0751232925555021	4/149	63/9163
Hepatoma, Novikoff	0.0751232925555021	4/149	63/9163
Liver Neoplasms, Experimental	0.0751232925555021	4/149	63/9163
Experimental Hepatoma	0.0751232925555021	4/149	63/9163
Cleft upper lip	0.0888538433673211	3/149	38/9163
Embryonal Neoplasm	0.0888538433673211	2/149	15/9163
Neoplasms, Germ Cell and Embryonal	0.0888538433673211	2/149	15/9163
Lymphoma, Large-Cell, Follicular	0.0888538433673211	2/149	15/9163
Lymphoma, Mixed-Cell, Follicular	0.0888538433673211	2/149	15/9163
Lymphoma, Small Cleaved-Cell, Follicular	0.0888538433673211	2/149	15/9163
Myocardial Ischemia	0.0888538433673211	7/149	175/9163
Germ cell tumor	0.0888538433673211	2/149	15/9163
Neoplasms, Embryonal and Mixed	0.0888538433673211	2/149	15/9163
Germ Cell Cancer	0.0888538433673211	2/149	15/9163
Cancer, Embryonal	0.0888538433673211	2/149	15/9163
Cancer, Embryonal and Mixed	0.0888538433673211	2/149	15/9163
Lymphoma, Follicular, Grade 1	0.0888538433673211	2/149	15/9163
Lymphoma, Follicular, Grade 3	0.0888538433673211	2/149	15/9163
Lymphoma, Follicular, Grade 2	0.0888538433673211	2/149	15/9163
Neoplasm Metastasis	0.0959898235222433	7/149	178/9163
Acrocephaly	0.0964398631256242	2/149	16/9163
T-Cell Lymphoma	0.0964398631256242	2/149	16/9163
Scaphycephaly	0.0964398631256242	2/149	16/9163
Trigonocephaly	0.0964398631256242	2/149	16/9163
Combined immunodeficiency	0.0964398631256242	3/149	40/9163
Synostotic Posterior Plagiocephaly	0.0964398631256242	2/149	16/9163
Metopic synostosis	0.0964398631256242	2/149	16/9163
Synostotic Anterior Plagiocephaly	0.0964398631256242	2/149	16/9163
Craniosynostosis, Type 1	0.0964398631256242	2/149	16/9163
Merkel cell carcinoma	0.0994135285536974	1/149	2/9163
Cytomegalovirus Infections	0.0994135285536974	1/149	2/9163
Osteitis Fibrosa Disseminata	0.0994135285536974	1/149	2/9163
Acute Basophilic Leukemia	0.0994135285536974	1/149	2/9163
Lymphedema	0.0994135285536974	1/149	2/9163
Muscular Dystrophy, Animal	0.0994135285536974	1/149	2/9163
Mycobacterium Infections	0.0994135285536974	1/149	2/9163
Myelodysplasia	0.0994135285536974	1/149	2/9163
neurofibroma	0.0994135285536974	1/149	2/9163
Rubinstein-Taybi Syndrome	0.0994135285536974	1/149	2/9163
Thoracic Neoplasms	0.0994135285536974	1/149	2/9163
Minamata Disease	0.0994135285536974	1/149	2/9163
Porphyria, Erythropoietic	0.0994135285536974	1/149	2/9163
Rhabdoid Tumor	0.0994135285536974	1/149	2/9163
Brachycephaly	0.0994135285536974	2/149	17/9163
Inorganic Mercury Poisoning	0.0994135285536974	1/149	2/9163
Mercury Poisoning, Organic	0.0994135285536974	1/149	2/9163
Hereditary gingival fibromatosis	0.0994135285536974	1/149	2/9163
Renal cysts and diabetes syndrome	0.0994135285536974	1/149	2/9163
Mercury Poisoning, Nervous System	0.0994135285536974	1/149	2/9163
Mercury Encephalopathy	0.0994135285536974	1/149	2/9163
Mad Hatter Disease	0.0994135285536974	1/149	2/9163
Mercurial Neuroanesthenia	0.0994135285536974	1/149	2/9163
Mercury Psychosis	0.0994135285536974	1/149	2/9163
MOHR-TRANEBJAERG SYNDROME	0.0994135285536974	1/149	2/9163
WILSON-TURNER X-LINKED MENTAL RETARDATION SYNDROME	0.0994135285536974	1/149	2/9163
Recurrent sinopulmonary infections	0.0994135285536974	1/149	2/9163
T-Cell Large Granular Lymphocyte Leukemia	0.0994135285536974	1/149	2/9163
MUNGAN SYNDROME	0.0994135285536974	1/149	2/9163
Deficiency of Uroporphyrinogen III Synthase	0.0994135285536974	1/149	2/9163
Corpus Callosum Malformation	0.0994135285536974	1/149	2/9163
Abnormality of the respiratory system	0.0994135285536974	1/149	2/9163
IMMUNODEFICIENCY 45	0.0994135285536974	1/149	2/9163
IMMUNODEFICIENCY 44	0.0994135285536974	1/149	2/9163
RELA fusion-positive ependymoma	0.0994135285536974	1/149	2/9163
RUBINSTEIN-TAYBI SYNDROME 1	0.0994135285536974	1/149	2/9163
Fibrocystic Dysplasia of Bone	0.0994135285536974	1/149	2/9163
Fibrocartilaginous Dysplasia of Bone	0.0994135285536974	1/149	2/9163
Hereditary site-specific ovarian cancer syndrome	0.0994135285536974	1/149	2/9163
Malignant neoplasm of endometrium	0.102734842571896	2/149	18/9163
Hemangiosarcoma	0.102734842571896	2/149	18/9163
Carcinoma in situ of endometrium	0.102734842571896	2/149	18/9163
Hamman-Rich Disease	0.102734842571896	2/149	18/9163
Usual Interstitial Pneumonia	0.102734842571896	2/149	18/9163
Acute Promyelocytic Leukemia	0.10381757328023	3/149	44/9163
Pancreatic carcinoma	0.112123215278245	2/149	19/9163
Juvenile Myelomonocytic Leukemia	0.112123215278245	2/149	19/9163
Familial Idiopathic Pulmonary Fibrosis	0.112123215278245	2/149	19/9163
Neuroblastoma	0.12113571357581	3/149	47/9163
Craniosynostosis	0.121282959607435	2/149	20/9163
Lymphoma, Follicular	0.121282959607435	2/149	20/9163
Sarcoma	0.121282959607435	2/149	20/9163
Idiopathic Pulmonary Fibrosis	0.121282959607435	2/149	20/9163
Endometriosis	0.131969279463525	6/149	159/9163
Endometrioma	0.131969279463525	6/149	159/9163
Body Rocking	0.132468519067049	1/149	3/9163
Squamous cell carcinoma	0.132468519067049	5/149	122/9163
Diabetes Mellitus, Non-Insulin-Dependent	0.132468519067049	6/149	160/9163
Glaucoma, Suspect	0.132468519067049	1/149	3/9163
Head Banging	0.132468519067049	1/149	3/9163
Hyperlipidemia, Familial Combined	0.132468519067049	1/149	3/9163
Acute Megakaryocytic Leukemias	0.132468519067049	1/149	3/9163
Musculoskeletal Pain	0.132468519067049	1/149	3/9163
Ocular Hypertension	0.132468519067049	1/149	3/9163
Shared Paranoid Disorder	0.132468519067049	1/149	3/9163
Stereotypic Movement Disorder	0.132468519067049	1/149	3/9163
Agenesis of corpus callosum	0.132468519067049	1/149	3/9163
Anaplastic carcinoma	0.132468519067049	6/149	162/9163
Carcinoma, Spindle-Cell	0.132468519067049	6/149	162/9163
Undifferentiated carcinoma	0.132468519067049	6/149	162/9163
Carcinomatosis	0.132468519067049	6/149	162/9163
Microprolactinoma	0.132468519067049	1/149	3/9163
Macroprolactinoma	0.132468519067049	1/149	3/9163
Lung Diseases, Obstructive	0.132468519067049	1/149	3/9163
Hyper-Immunoglobulin E Syndrome, Autosomal Recessive	0.132468519067049	1/149	3/9163
Hyper-Immunoglobulin E Syndrome, Autosomal Dominant	0.132468519067049	1/149	3/9163
MIGRAINE WITH OR WITHOUT AURA, SUSCEPTIBILITY TO, 1	0.132468519067049	1/149	3/9163
SCHWANNOMATOSIS 1	0.132468519067049	1/149	3/9163
Carcinoma	0.135358976179183	6/149	163/9163
Carcinoma of lung	0.143919054251433	2/149	23/9163
leukemia	0.154181555866772	3/149	54/9163
Small cell carcinoma of lung	0.154181555866772	3/149	54/9163
Cystitis	0.15987244819122	1/149	4/9163
Lipoatrophic Diabetes Mellitus	0.15987244819122	1/149	4/9163
Melanocytic nevus	0.15987244819122	1/149	4/9163
Schizophrenia	0.15987244819122	20/149	852/9163
Gilles de la Tourette syndrome	0.15987244819122	1/149	4/9163
Sciatic Neuropathy	0.15987244819122	1/149	4/9163
Lesion of Sciatic Nerve	0.15987244819122	1/149	4/9163
Ki-1+ Anaplastic Large Cell Lymphoma	0.15987244819122	1/149	4/9163
Sciatic Neuritis	0.15987244819122	1/149	4/9163
Plagiocephaly	0.15987244819122	1/149	4/9163
Clinodactyly of fingers	0.15987244819122	1/149	4/9163
Partial atrioventricular canal	0.15987244819122	1/149	4/9163
Adult Acute Lymphocytic Leukemia	0.15987244819122	1/149	4/9163
Neuralgia-Neuritis, Sciatic Nerve	0.15987244819122	1/149	4/9163
Sciatic Nerve Palsy	0.15987244819122	1/149	4/9163
Schwannomatosis	0.15987244819122	1/149	4/9163
Liver carcinoma	0.15987244819122	13/149	499/9163
Bare lymphocyte syndrome 2	0.15987244819122	1/149	4/9163
Neurofibromatosis, Type 3, mixed central and peripheral	0.15987244819122	1/149	4/9163
Job Syndrome	0.15987244819122	1/149	4/9163
Congenital Hyperinsulinism	0.15987244819122	1/149	4/9163
Clinodactyly	0.15987244819122	1/149	4/9163
Inherited acute myeloid leukemia	0.15987244819122	1/149	4/9163
Global developmental delay	0.164876091033871	5/149	133/9163
Libman-Sacks Disease	0.170540588132833	3/149	58/9163
Animal Mammary Neoplasms	0.175868953960801	5/149	136/9163
Sezary Syndrome	0.175868953960801	2/149	27/9163
Mammary Carcinoma, Animal	0.175868953960801	5/149	136/9163
Adenocarcinoma of large intestine	0.175957318351713	4/149	96/9163
Herpetic Acute Necrotizing Encephalitis	0.178464629473112	1/149	5/9163
Noninfiltrating Intraductal Carcinoma	0.178464629473112	1/149	5/9163
Adenoid Cystic Carcinoma	0.178464629473112	4/149	99/9163
Fuchs Endothelial Dystrophy	0.178464629473112	1/149	5/9163
Hydronephrosis	0.178464629473112	1/149	5/9163
Hypopituitarism	0.178464629473112	1/149	5/9163
Intestinal Polyps	0.178464629473112	1/149	5/9163
Leukemia, T-Cell	0.178464629473112	1/149	5/9163
Liver neoplasms	0.178464629473112	5/149	137/9163
Metaplasia	0.178464629473112	1/149	5/9163
Pancreatic Neoplasm	0.178464629473112	4/149	97/9163
Schizoaffective Disorder	0.178464629473112	2/149	28/9163
Endometrial Stromal Sarcoma	0.178464629473112	1/149	5/9163
Nerve Sheath Tumors	0.178464629473112	1/149	5/9163
Polymorphous corneal dystrophy	0.178464629473112	1/149	5/9163
Malignant neoplasm of liver	0.178464629473112	5/149	137/9163
Malignant neoplasm of pancreas	0.178464629473112	4/149	99/9163
Delayed Sleep Phase Syndrome	0.178464629473112	1/149	5/9163
Nonorganic Sleep Wake Cycle Disorders	0.178464629473112	1/149	5/9163
Schwannomatosis, Plexiform	0.178464629473112	1/149	5/9163
Peripheral Nerve Sheath Neoplasm	0.178464629473112	1/149	5/9163
Perineurioma	0.178464629473112	1/149	5/9163
Advanced Sleep Phase Syndrome	0.178464629473112	1/149	5/9163
Non-24 Hour Sleep-Wake Disorder	0.178464629473112	1/149	5/9163
Shift-Work Sleep Disorder	0.178464629473112	1/149	5/9163
Hypospadias	0.178464629473112	1/149	5/9163
Sleep Disorders, Circadian Rhythm	0.178464629473112	1/149	5/9163
Neurofibromatosis 3	0.178464629473112	1/149	5/9163
Extraskeletal Myxoid Chondrosarcoma	0.178464629473112	1/149	5/9163
Adult Diffuse Large B-Cell Lymphoma	0.178464629473112	1/149	5/9163
Atypical Ductal Breast Hyperplasia	0.178464629473112	1/149	5/9163
Milroy Disease	0.178464629473112	1/149	5/9163
Bilateral Wilms Tumor	0.178464629473112	2/149	28/9163
MENTAL RETARDATION, AUTOSOMAL DOMINANT 12	0.178464629473112	1/149	5/9163
Toxic Epidermal Necrolysis	0.178664192350178	2/149	29/9163
Glomerulonephritis	0.178664192350178	2/149	29/9163
Drug-Induced Stevens Johnson Syndrome	0.178664192350178	2/149	29/9163
Bright Disease	0.178664192350178	2/149	29/9163
Prostate cancer, familial	0.178664192350178	3/149	62/9163
Mycoplasma-Induced Stevens-Johnson Syndrome	0.178664192350178	2/149	29/9163
Stevens-Johnson Syndrome Toxic Epidermal Necrolysis Spectrum	0.178664192350178	2/149	29/9163
Psychotic Disorders	0.182649691912281	4/149	101/9163
Primary Myelofibrosis	0.196292217909058	1/149	6/9163
Candidiasis, Chronic Mucocutaneous	0.196292217909058	1/149	6/9163
Cartilage Diseases	0.196292217909058	1/149	6/9163
Communicating Hydrocephalus	0.196292217909058	1/149	6/9163
Herpetic meningoencephalitis	0.196292217909058	1/149	6/9163
Fibroid Tumor	0.196292217909058	1/149	6/9163
Leukemia, Myelomonocytic, Chronic	0.196292217909058	1/149	6/9163
Neurilemmoma	0.196292217909058	1/149	6/9163
Prolactinoma	0.196292217909058	1/149	6/9163
Neoplasms, Second Primary	0.196292217909058	1/149	6/9163
Chondromalacia	0.196292217909058	1/149	6/9163
Neoplasms, Therapy-Associated	0.196292217909058	1/149	6/9163
Carcinoma, Lobular	0.196292217909058	1/149	6/9163
Familial generalized lipodystrophy	0.196292217909058	1/149	6/9163
Lennox-Gastaut syndrome	0.196292217909058	1/149	6/9163
Hydrocephalus Ex-Vacuo	0.196292217909058	1/149	6/9163
Herpes encephalitis	0.196292217909058	1/149	6/9163
Post-Traumatic Hydrocephalus	0.196292217909058	1/149	6/9163
Obstructive Hydrocephalus	0.196292217909058	1/149	6/9163
Treatment related secondary malignancy	0.196292217909058	1/149	6/9163
Cerebral ventriculomegaly	0.196292217909058	1/149	6/9163
MYOCARDIAL INFARCTION, SUSCEPTIBILITY TO	0.196292217909058	1/149	6/9163
Abnormal corpus callosum morphology	0.196292217909058	1/149	6/9163
Fetal Cerebral Ventriculomegaly	0.196292217909058	1/149	6/9163
Adult only	0.196292217909058	1/149	6/9163
Alcoholic Intoxication	0.197549021914453	2/149	32/9163
Depressive disorder	0.197549021914453	8/149	286/9163
Lymphoma, Non-Hodgkin	0.197549021914453	2/149	32/9163
Alloxan Diabetes	0.204595870109037	4/149	108/9163
Cholangitis	0.204595870109037	1/149	7/9163
Intrahepatic Cholestasis	0.204595870109037	1/149	7/9163
Diabetes Mellitus, Experimental	0.204595870109037	4/149	108/9163
Eosinophilia, Tropical	0.204595870109037	1/149	7/9163
Fatty Liver	0.204595870109037	3/149	71/9163
Congenital Hydrocephalus	0.204595870109037	1/149	7/9163
Hypokalemia	0.204595870109037	1/149	7/9163
Acute lymphocytic leukemia	0.204595870109037	1/149	7/9163
Lupus Erythematosus, Systemic	0.204595870109037	3/149	71/9163
Mammary Neoplasms, Experimental	0.204595870109037	5/149	154/9163
Manic Disorder	0.204595870109037	3/149	71/9163
Morphine Dependence	0.204595870109037	1/149	7/9163
Streptozotocin Diabetes	0.204595870109037	4/149	108/9163
Syndactyly	0.204595870109037	1/149	7/9163
Urogenital Abnormalities	0.204595870109037	1/149	7/9163
Uterine Fibroids	0.204595870109037	1/149	7/9163
Solid Neoplasm	0.204595870109037	1/149	7/9163
Nonorganic psychosis	0.204595870109037	3/149	69/9163
Craniofacial Abnormalities	0.204595870109037	5/149	154/9163
Dystonia Disorders	0.204595870109037	1/149	7/9163
Idiopathic familial dystonia	0.204595870109037	1/149	7/9163
Morphine Abuse	0.204595870109037	1/149	7/9163
Focal Dystonia	0.204595870109037	1/149	7/9163
Adult-Onset Dystonias	0.204595870109037	1/149	7/9163
Adult-Onset Idiopathic Focal Dystonias	0.204595870109037	1/149	7/9163
Adult-Onset Idiopathic Torsion Dystonias	0.204595870109037	1/149	7/9163
Autosomal Dominant Familial Dystonia	0.204595870109037	1/149	7/9163
Autosomal Recessive Familial Dystonia	0.204595870109037	1/149	7/9163
Childhood Onset Dystonias	0.204595870109037	1/149	7/9163
Dystonia, Primary	0.204595870109037	1/149	7/9163
Dystonia, Secondary	0.204595870109037	1/149	7/9163
Dystonias, Sporadic	0.204595870109037	1/149	7/9163
Familial Dystonia	0.204595870109037	1/149	7/9163
Pseudodystonia	0.204595870109037	1/149	7/9163
Agammaglobulinemia, non-Bruton type	0.204595870109037	1/149	7/9163
DIABETES MELLITUS, PERMANENT NEONATAL	0.204595870109037	1/149	7/9163
Developmental regression	0.204595870109037	1/149	7/9163
PULMONARY HYPERTENSION, PRIMARY, DEXFENFLURAMINE-ASSOCIATED	0.204595870109037	1/149	7/9163
Pulmonary Hypertension, Primary, Fenfluramine-Associated	0.204595870109037	1/149	7/9163
Steatohepatitis	0.204595870109037	3/149	71/9163
Polycystic kidney disease, type 2	0.204595870109037	1/149	7/9163
Aqueductal Stenosis	0.204595870109037	1/149	7/9163
Pulmonary Hypertension, Primary, 1, With Hereditary Hemorrhagic Telangiectasia	0.204595870109037	1/149	7/9163
Writer's Cramp	0.204595870109037	1/149	7/9163
Pulmonary Hypertension, Primary, 1	0.204595870109037	1/149	7/9163
Mental Depression	0.219386227773777	7/149	252/9163
Amphetamine-Related Disorders	0.222432737689653	3/149	74/9163
Amphetamine Addiction	0.222432737689653	3/149	74/9163
Amphetamine Abuse	0.222432737689653	3/149	74/9163
Eosinophilia	0.227208504613934	1/149	8/9163
Ependymoma	0.227208504613934	1/149	8/9163
Hydrocephalus	0.227208504613934	1/149	8/9163
Polycystic Kidney, Type 1 Autosomal Dominant Disease	0.227208504613934	1/149	8/9163
Abnormality of the skeletal system	0.227208504613934	1/149	8/9163
Arthritis, Adjuvant-Induced	0.239546353208208	2/149	39/9163
Depression, Bipolar	0.239546353208208	3/149	79/9163
Cervical Migraine Syndrome	0.239546353208208	1/149	9/9163
Hemicrania migraine	0.239546353208208	1/149	9/9163
Diaphragmatic Hernia	0.239546353208208	2/149	40/9163
Lymphoma	0.239546353208208	2/149	39/9163
Mesothelioma	0.239546353208208	2/149	40/9163
Multiple Myeloma	0.239546353208208	2/149	40/9163
Neoplasm Invasiveness	0.239546353208208	5/149	166/9163
Osteitis Deformans	0.239546353208208	1/149	9/9163
Silicosis	0.239546353208208	1/149	9/9163
Polycystic Kidney, Autosomal Dominant	0.239546353208208	1/149	9/9163
Russell-Silver syndrome	0.239546353208208	1/149	9/9163
Chronic schizophrenia	0.239546353208208	1/149	9/9163
Carcinoma, Small Cell	0.239546353208208	1/149	9/9163
Abdominal Migraine	0.239546353208208	1/149	9/9163
Status Migrainosus	0.239546353208208	1/149	9/9163
Manic	0.239546353208208	3/149	78/9163
Acute Confusional Migraine	0.239546353208208	1/149	9/9163
Mood Disorders	0.239546353208208	5/149	165/9163
Colon Carcinoma	0.239546353208208	1/149	9/9163
Sick Headaches	0.239546353208208	1/149	9/9163
Arthritis, Collagen-Induced	0.239546353208208	2/149	39/9163
Arthritis, Experimental	0.239546353208208	2/149	39/9163
Hepatic Insufficiency	0.239546353208208	1/149	9/9163
SPINOCEREBELLAR ATAXIA 17	0.239546353208208	1/149	9/9163
Pancreatic carcinoma, familial	0.239546353208208	1/149	9/9163
Prostatic Cancer, Castration-Resistant	0.239546353208208	1/149	9/9163
Prostatic Neoplasms, Castration-Resistant	0.239546353208208	1/149	9/9163
MENTAL RETARDATION, AUTOSOMAL DOMINANT 40	0.239546353208208	1/149	9/9163
Cardiomegaly	0.244823153104958	3/149	80/9163
Cardiac Hypertrophy	0.244823153104958	3/149	80/9163
Congenital small ears	0.247848069346998	2/149	41/9163
Autoimmune Diseases	0.255652783977846	2/149	42/9163
Epilepsy, Cryptogenic	0.255652783977846	3/149	82/9163
Aura	0.255652783977846	3/149	82/9163
Awakening Epilepsy	0.255652783977846	3/149	82/9163
Bone Diseases	0.25754552196534	1/149	10/9163
Metabolic Diseases	0.25754552196534	1/149	10/9163
B-Cell Lymphomas	0.25754552196534	1/149	10/9163
Atrophic	0.25754552196534	1/149	10/9163
Ceroid lipofuscinosis, neuronal 1, infantile	0.25754552196534	1/149	10/9163
Memory Disorders	0.258089594384785	2/149	43/9163
Medullomyoblastoma	0.258089594384785	2/149	43/9163
Childhood Medulloblastoma	0.258089594384785	2/149	43/9163
Adult Medulloblastoma	0.258089594384785	2/149	43/9163
Desmoplastic Medulloblastoma	0.258089594384785	2/149	43/9163
Age-Related Memory Disorders	0.258089594384785	2/149	43/9163
Memory Disorder, Semantic	0.258089594384785	2/149	43/9163
Memory Disorder, Spatial	0.258089594384785	2/149	43/9163
Memory Loss	0.258089594384785	2/149	43/9163
Melanotic medulloblastoma	0.258089594384785	2/149	43/9163
Autism Spectrum Disorders	0.260973610575463	3/149	84/9163
Memory impairment	0.266664553413922	2/149	44/9163
Agammaglobulinemia	0.269944802430317	1/149	11/9163
Ankylosing spondylitis	0.269944802430317	1/149	11/9163
Prostatic Intraepithelial Neoplasias	0.269944802430317	1/149	11/9163
Congenital neutropenia	0.269944802430317	1/149	11/9163
Myoclonic Astatic Epilepsy	0.269944802430317	1/149	11/9163
Copper-Overload Cirrhosis	0.269944802430317	1/149	11/9163
Acquired Hypogammaglobulinemia	0.269944802430317	1/149	11/9163
Immunoglobulin Deficiency, Late-Onset	0.269944802430317	1/149	11/9163
PARKINSON DISEASE, LATE-ONSET	0.269944802430317	1/149	11/9163
cocaine use	0.269944802430317	1/149	11/9163
Bladder Neoplasm	0.273876043187078	4/149	132/9163
Malignant neoplasm of urinary bladder	0.278546840628287	4/149	133/9163
Neoplasms, Experimental	0.279244971303725	2/149	46/9163
Celiac Disease	0.282515091248717	2/149	47/9163
Mouth Diseases	0.282515091248717	1/149	12/9163
Oligospermia	0.282515091248717	1/149	12/9163
Precancerous Conditions	0.282515091248717	3/149	89/9163
Trigeminal Neuralgia	0.282515091248717	1/149	12/9163
Mixed Cellularity Hodgkin Lymphoma	0.282515091248717	1/149	12/9163
Hodgkin lymphoma, lymphocyte depletion	0.282515091248717	1/149	12/9163
Carcinoma, Neuroendocrine	0.282515091248717	1/149	12/9163
Adult Hodgkin Lymphoma	0.282515091248717	1/149	12/9163
Condition, Preneoplastic	0.282515091248717	3/149	89/9163
Trigeminal Neuralgia, Idiopathic	0.282515091248717	1/149	12/9163
Secondary Trigeminal Neuralgia	0.282515091248717	1/149	12/9163
Microsatellite Instability	0.282515091248717	1/149	12/9163
Lymphocyte Rich Classical Hodgkin Lymphoma	0.282515091248717	1/149	12/9163
Nodular Lymphocyte Predominant Hodgkin Lymphoma	0.282515091248717	1/149	12/9163
Replication Error Phenotype	0.282515091248717	1/149	12/9163
Myocardial Infarction	0.284665225283355	3/149	90/9163
Down Syndrome	0.29644002400379	1/149	13/9163
Profound Mental Retardation	0.29644002400379	4/149	139/9163
Mental Retardation, Psychosocial	0.29644002400379	4/149	139/9163
Sicca Syndrome	0.29644002400379	1/149	13/9163
Migraine Disorders	0.29644002400379	1/149	13/9163
Sarcoma, Epithelioid	0.29644002400379	1/149	13/9163
Sarcoma, Spindle Cell	0.29644002400379	1/149	13/9163
Down Syndrome, Partial Trisomy 21	0.29644002400379	1/149	13/9163
Trisomy 21, Meiotic Nondisjunction	0.29644002400379	1/149	13/9163
Trisomy 21, Mitotic Nondisjunction	0.29644002400379	1/149	13/9163
Mental deficiency	0.29644002400379	4/149	139/9163
Sjogren's Syndrome	0.29644002400379	1/149	13/9163
Intellectual Disability	0.29644002400379	10/149	445/9163
Liver Cirrhosis	0.296877894788662	3/149	93/9163
Chronic Lymphocytic Leukemia	0.299730181591586	2/149	50/9163
Medulloblastoma	0.299730181591586	2/149	50/9163
Influenza	0.307801856153944	2/149	51/9163
Fibrosis, Liver	0.307801856153944	3/149	95/9163
Metabolic Bone Disorder	0.310421816230881	1/149	14/9163
Psychosis, Brief Reactive	0.310421816230881	1/149	14/9163
Schizophreniform Disorders	0.310421816230881	1/149	14/9163
Maturity onset diabetes mellitus in young	0.310421816230881	1/149	14/9163
Hereditary Breast and Ovarian Cancer Syndrome	0.310421816230881	1/149	14/9163
Nonmedullary Thyroid Carcinoma	0.310421816230881	1/149	14/9163
Familial Nonmedullary Thyroid Cancer	0.310421816230881	1/149	14/9163
nervous system disorder	0.312703386656981	2/149	52/9163
PROSTATE CANCER, HEREDITARY, 1	0.321190125148649	2/149	53/9163
melanoma	0.322691331614502	6/149	247/9163
Common Variable Immunodeficiency	0.324069199116359	1/149	15/9163
Osteopenia	0.324069199116359	1/149	15/9163
Benign neoplasm of bladder	0.324069199116359	1/149	15/9163
Carcinoma in situ of bladder	0.324069199116359	1/149	15/9163
Neoplasm of uncertain or unknown behavior of bladder	0.324069199116359	1/149	15/9163
Carcinoma of Endocrine Gland	0.324069199116359	1/149	15/9163
Generalized hypotonia	0.324069199116359	1/149	15/9163
Aase Smith syndrome 2	0.324069199116359	1/149	15/9163
Peripheral Nervous System Diseases	0.324833527099006	2/149	54/9163
Barrett Esophagus	0.336389100534128	1/149	16/9163
Diabetic Angiopathies	0.336389100534128	1/149	16/9163
Eye Abnormalities	0.336389100534128	1/149	16/9163
Liver Cirrhosis, Alcoholic	0.336389100534128	1/149	16/9163
Microangiopathy, Diabetic	0.336389100534128	1/149	16/9163
Hypogammaglobulinemia	0.336389100534128	1/149	16/9163
Cardiovascular Abnormalities	0.336389100534128	1/149	16/9163
Pheochromocytoma, Extra-Adrenal	0.336389100534128	1/149	16/9163
Barrett Epithelium	0.336389100534128	1/149	16/9163
Idiopathic pulmonary arterial hypertension	0.336389100534128	1/149	16/9163
Monogenic diabetes	0.336389100534128	1/149	16/9163
HIV Infections	0.341359508686838	3/149	103/9163
HIV Coinfection	0.341359508686838	3/149	103/9163
Pustulosis of Palms and Soles	0.343201655915067	2/149	57/9163
Psoriasis	0.343201655915067	2/149	57/9163
Psychoses, Substance-Induced	0.343534291221822	1/149	17/9163
Substance Withdrawal Syndrome	0.343534291221822	2/149	58/9163
Drug Withdrawal Symptoms	0.343534291221822	2/149	58/9163
Withdrawal Symptoms	0.343534291221822	2/149	58/9163
Benign neoplasm of stomach	0.343534291221822	1/149	17/9163
Carcinoma in situ of stomach	0.343534291221822	1/149	17/9163
Familial primary pulmonary hypertension	0.343534291221822	1/149	17/9163
Malignant mesothelioma	0.343534291221822	3/149	105/9163
Dystonia, Diurnal	0.343534291221822	1/149	17/9163
Neoplasm of uncertain or unknown behavior of stomach	0.343534291221822	1/149	17/9163
Dystonia, Limb	0.343534291221822	1/149	17/9163
Atypical Inclusion-Body Disease	0.343534291221822	1/149	17/9163
Familial Progressive Myoclonic Epilepsy	0.343534291221822	1/149	17/9163
Myoclonic Epilepsies, Progressive	0.343534291221822	1/149	17/9163
Biotin-Responsive Encephalopathy	0.343534291221822	1/149	17/9163
Dentatorubral-Pallidoluysian Atrophy	0.343534291221822	1/149	17/9163
May-White Syndrome	0.343534291221822	1/149	17/9163
Malignant neoplasm of skin	0.350094365131304	2/149	59/9163
Skin Neoplasms	0.350094365131304	2/149	59/9163
Oral Submucous Fibrosis	0.356050106536651	1/149	18/9163
Feeding difficulties	0.356050106536651	1/149	18/9163
Dystonia, Paroxysmal	0.356050106536651	1/149	18/9163
Carcinoma of bladder	0.356050106536651	1/149	18/9163
Action Myoclonus-Renal Failure Syndrome	0.356050106536651	1/149	18/9163
Female Urogenital Diseases	0.356050106536651	1/149	18/9163
Epilepsy	0.36313838996636	3/149	109/9163
Meningioma	0.368976008868719	1/149	19/9163
Pheochromocytoma	0.368976008868719	1/149	19/9163
Congenital hernia of foramen of Morgagni	0.368976008868719	1/149	19/9163
Congenital hernia of foramen of Bochdalek	0.368976008868719	1/149	19/9163
Hereditary Non-Polyposis Colon Cancer Type 2	0.368976008868719	1/149	19/9163
Colorectal cancer, hereditary nonpolyposis, type 1	0.368976008868719	1/149	19/9163
Hemorrhage	0.384824769865387	1/149	20/9163
Hodgkin Disease	0.39617131524545	1/149	21/9163
Neutropenia	0.39617131524545	1/149	21/9163
Psychoses, Drug	0.39617131524545	1/149	21/9163
Ovarian Failure, Premature	0.39617131524545	1/149	21/9163
Congenital diaphragmatic hernia	0.39617131524545	1/149	21/9163
Ventricular Remodeling	0.39617131524545	1/149	21/9163
Left Ventricle Remodeling	0.39617131524545	1/149	21/9163
Stomach Carcinoma	0.39617131524545	1/149	21/9163
Hepatitis, Chronic	0.408200444921806	1/149	22/9163
Lymphoma, Small Noncleaved-Cell	0.408200444921806	1/149	22/9163
Chronic Persistent Hepatitis	0.408200444921806	1/149	22/9163
Chronic active hepatitis	0.408200444921806	1/149	22/9163
Cryptogenic Chronic Hepatitis	0.408200444921806	1/149	22/9163
Lewy Body Disease	0.408200444921806	1/149	22/9163
Cardiomyopathies, Primary	0.415721121599974	2/149	69/9163
Myocardial Diseases, Secondary	0.415721121599974	2/149	69/9163
Coronary heart disease	0.419768021216876	1/149	23/9163
Drug Eruptions	0.419768021216876	1/149	23/9163
Morbilliform Drug Reaction	0.419768021216876	1/149	23/9163
Hereditary Paraganglioma-Pheochromocytoma Syndrome	0.419768021216876	1/149	23/9163
Alveolitis, Fibrosing	0.420683450172154	2/149	70/9163
Inflammation	0.430535081298207	3/149	123/9163
Ureteral obstruction	0.430890116756717	1/149	24/9163
Anhedonia	0.430890116756717	1/149	24/9163
Dyslipidemias	0.430890116756717	1/149	24/9163
Dyslipoproteinemias	0.430890116756717	1/149	24/9163
Pulmonary Fibrosis	0.432848130769666	2/149	72/9163
Astrocytoma	0.433451067771106	1/149	25/9163
Malignant neoplasm of breast	0.433451067771106	19/149	1040/9163
Colitis	0.433451067771106	1/149	25/9163
Dwarfism	0.433451067771106	1/149	25/9163
Fanconi Anemia	0.433451067771106	1/149	25/9163
Left Ventricular Hypertrophy	0.433451067771106	1/149	25/9163
Neonatal diabetes mellitus	0.433451067771106	1/149	25/9163
Subependymal Giant Cell Astrocytoma	0.433451067771106	1/149	25/9163
Juvenile Pilocytic Astrocytoma	0.433451067771106	1/149	25/9163
Diffuse Astrocytoma	0.433451067771106	1/149	25/9163
Pilocytic Astrocytoma	0.433451067771106	1/149	25/9163
Childhood Cerebral Astrocytoma	0.433451067771106	1/149	25/9163
Mixed oligoastrocytoma	0.433451067771106	1/149	25/9163
Cerebral Astrocytoma	0.433451067771106	1/149	25/9163
Intracranial Astrocytoma	0.433451067771106	1/149	25/9163
Grade I Astrocytoma	0.433451067771106	1/149	25/9163
Hereditary Diffuse Gastric Cancer	0.433451067771106	6/149	289/9163
Hypertrophic obstructive cardiomyopathy	0.433451067771106	1/149	25/9163
Stomach Neoplasms	0.440057323902912	6/149	293/9163
Hereditary Nonpolyposis Colorectal Neoplasms	0.442366247372997	1/149	26/9163
Acute monocytic leukemia	0.442366247372997	1/149	26/9163
Lymphatic Metastasis	0.442366247372997	1/149	26/9163
Protoplasmic astrocytoma	0.442366247372997	1/149	26/9163
Gemistocytic astrocytoma	0.442366247372997	1/149	26/9163
Fibrillary Astrocytoma	0.442366247372997	1/149	26/9163
Carcinoma, Ovarian Epithelial	0.442366247372997	1/149	26/9163
Malignant neoplasm of stomach	0.446232347315291	6/149	296/9163
Fever	0.45211563261996	1/149	27/9163
Hyperplasia	0.45211563261996	1/149	27/9163
Lung diseases	0.45211563261996	2/149	77/9163
Anaplastic astrocytoma	0.45211563261996	1/149	27/9163
Hereditary non-polyposis colorectal cancer syndrome	0.45211563261996	1/149	27/9163
Hyperinsulinism	0.46404471156764	1/149	28/9163
Ischemia	0.46404471156764	1/149	28/9163
Hypertensive disease	0.469546505721169	4/149	190/9163
Thrombocytopenia	0.472432238362016	1/149	29/9163
Encephalopathy, Toxic	0.472432238362016	1/149	29/9163
Toxic Encephalitis	0.472432238362016	1/149	29/9163
Neurotoxicity Syndromes	0.472432238362016	1/149	29/9163
Miller Dieker syndrome	0.472432238362016	1/149	29/9163
Hereditary Nonpolyposis Colorectal Cancer	0.472432238362016	1/149	29/9163
Cleft Palate	0.474089049254332	2/149	81/9163
Hyperglycemia	0.479802167642964	1/149	30/9163
Marijuana Abuse	0.479802167642964	1/149	30/9163
Breast Cancer, Familial	0.479802167642964	1/149	30/9163
Epileptic encephalopathy	0.479802167642964	1/149	30/9163
Anemia, Diamond-Blackfan	0.479802167642964	1/149	30/9163
Hyperglycemia, Postprandial	0.479802167642964	1/149	30/9163
Severe Congenital Microcephaly	0.479802167642964	1/149	30/9163
Polycystic Ovary Syndrome	0.49087150821311	3/149	140/9163
Sclerocystic Ovaries	0.49087150821311	3/149	140/9163
Adenoma	0.493480672995355	1/149	32/9163
Carcinoma, Transitional Cell	0.493480672995355	1/149	32/9163
Kidney Diseases	0.493480672995355	2/149	85/9163
Chronic Obstructive Airway Disease	0.493480672995355	1/149	32/9163
Adenoma, Basal Cell	0.493480672995355	1/149	32/9163
Follicular adenoma	0.493480672995355	1/149	32/9163
Adenoma, Microcystic	0.493480672995355	1/149	32/9163
Adenoma, Monomorphic	0.493480672995355	1/149	32/9163
Papillary adenoma	0.493480672995355	1/149	32/9163
Adenoma, Trabecular	0.493480672995355	1/149	32/9163
Hyperkinesia, Generalized	0.493480672995355	1/149	32/9163
Chronic Airflow Obstruction	0.493480672995355	1/149	32/9163
Microlissencephaly	0.493480672995355	1/149	32/9163
Hyperkinesia	0.493480672995355	1/149	32/9163
Anoxemia	0.49785519414698	1/149	33/9163
Anoxia	0.49785519414698	1/149	33/9163
Autistic Disorder	0.49785519414698	5/149	259/9163
Hypoxia	0.49785519414698	1/149	33/9163
Benign neoplasm of brain, unspecified	0.49785519414698	1/149	33/9163
Hypoxemia	0.49785519414698	1/149	33/9163
Brain Tumor, Primary	0.49785519414698	1/149	33/9163
Recurrent Brain Neoplasm	0.49785519414698	1/149	33/9163
Primary malignant neoplasm of brain	0.49785519414698	1/149	33/9163
Neoplasms, Intracranial	0.49785519414698	1/149	33/9163
Abnormality of radial ray	0.49785519414698	1/149	33/9163
Adenocarcinoma of lung (disorder)	0.50513970997612	4/149	204/9163
Anemia	0.507157240160263	1/149	34/9163
IGA Glomerulonephritis	0.507157240160263	1/149	34/9163
Colorectal Neoplasms	0.512636830317825	5/149	265/9163
Thyroid Gland Follicular Adenoma	0.516876386452775	1/149	35/9163
Papillary thyroid carcinoma	0.527050175938851	1/149	36/9163
Neoplasm Recurrence, Local	0.535632475027529	1/149	37/9163
Thyroid Neoplasm	0.535632475027529	1/149	37/9163
Developmental delay (disorder)	0.535632475027529	1/149	37/9163
Cholestasis	0.539710742540688	2/149	95/9163
Malignant neoplasm of brain	0.544678614241363	1/149	38/9163
Brain Neoplasms	0.553509460424664	1/149	39/9163
Respiratory Distress Syndrome, Adult	0.553509460424664	1/149	39/9163
Nodular glomerulosclerosis	0.558520805064676	1/149	40/9163
Jacksonian Seizure	0.558520805064676	2/149	101/9163
Melancholia	0.558520805064676	1/149	41/9163
Complex partial seizures	0.558520805064676	2/149	101/9163
Cutaneous Melanoma	0.558520805064676	1/149	41/9163
Generalized seizures	0.558520805064676	2/149	101/9163
Clonic Seizures	0.558520805064676	2/149	101/9163
Visual seizure	0.558520805064676	2/149	101/9163
Epileptic drop attack	0.558520805064676	2/149	101/9163
Depression, Neurotic	0.558520805064676	1/149	41/9163
Seizures, Somatosensory	0.558520805064676	2/149	101/9163
Seizures, Auditory	0.558520805064676	2/149	101/9163
Olfactory seizure	0.558520805064676	2/149	101/9163
Gustatory seizure	0.558520805064676	2/149	101/9163
Vertiginous seizure	0.558520805064676	2/149	101/9163
Non-epileptic convulsion	0.558520805064676	2/149	101/9163
Single Seizure	0.558520805064676	2/149	101/9163
Atonic Absence Seizures	0.558520805064676	2/149	101/9163
Convulsive Seizures	0.558520805064676	2/149	101/9163
Seizures, Sensory	0.558520805064676	2/149	101/9163
Nonepileptic Seizures	0.558520805064676	2/149	101/9163
Epileptic Seizures	0.558520805064676	2/149	101/9163
Generalized Absence Seizures	0.558520805064676	2/149	101/9163
Biliary cirrhosis	0.560846524193574	1/149	42/9163
Depressive Syndrome	0.560846524193574	1/149	42/9163
Secondary Biliary Cholangitis	0.560846524193574	1/149	42/9163
Tonic Seizures	0.560846524193574	2/149	102/9163
Cleft palate, isolated	0.560846524193574	1/149	42/9163
Convulsions	0.560846524193574	2/149	102/9163
Absence Seizures	0.560846524193574	2/149	102/9163
Biliary Cirrhosis, Primary, 1	0.560846524193574	1/149	42/9163
Anxiety Disorders	0.564889396453279	1/149	43/9163
Diabetic Nephropathy	0.564889396453279	1/149	43/9163
Congenital Heart Defects	0.564889396453279	1/149	43/9163
Anxiety States, Neurotic	0.564889396453279	1/149	43/9163
Tonic - clonic seizures	0.564889396453279	2/149	104/9163
Seizures, Focal	0.564889396453279	2/149	104/9163
Anxiety neurosis (finding)	0.564889396453279	1/149	43/9163
Myoclonic Seizures	0.564889396453279	2/149	104/9163
Heart Diseases	0.568575655109811	1/149	44/9163
Diabetes, Autoimmune	0.568575655109811	1/149	44/9163
Malignant neoplasm of salivary gland	0.568575655109811	1/149	44/9163
Brittle diabetes	0.568575655109811	1/149	44/9163
Thyroid carcinoma	0.568575655109811	1/149	44/9163
Diabetes Mellitus, Ketosis-Prone	0.568575655109811	1/149	44/9163
Diabetes Mellitus, Sudden-Onset	0.568575655109811	1/149	44/9163
Diabetes Mellitus, Insulin-Dependent	0.576632640485665	1/149	45/9163
Endogenous depression	0.583820610825295	1/149	46/9163
Salivary Gland Neoplasms	0.583820610825295	1/149	46/9163
Primary biliary cirrhosis	0.59012211971618	1/149	47/9163
Fibrosis	0.59012211971618	1/149	47/9163
Cirrhosis	0.59012211971618	1/149	47/9163
Rheumatoid Arthritis	0.592733924205733	3/149	174/9163
Cardiomyopathy, Dilated	0.594099868689075	1/149	48/9163
Male infertility	0.594099868689075	1/149	48/9163
Kidney Failure, Chronic	0.594099868689075	1/149	48/9163
Subfertility, Male	0.594099868689075	1/149	48/9163
Male sterility	0.594099868689075	1/149	48/9163
Major Depressive Disorder	0.599644005976934	4/149	240/9163
Crohn Disease	0.600745651937392	1/149	49/9163
Cardiomyopathy, Familial Idiopathic	0.607953694089553	1/149	50/9163
Hepatomegaly	0.614283826213556	1/149	51/9163
Squamous cell carcinoma of the head and neck	0.614283826213556	1/149	51/9163
Pneumonia	0.632350040220256	1/149	54/9163
Lobar Pneumonia	0.632350040220256	1/149	54/9163
Metastatic melanoma	0.632350040220256	1/149	54/9163
Acute Cerebrovascular Accidents	0.632350040220256	1/149	54/9163
Experimental Lung Inflammation	0.632350040220256	1/149	54/9163
Pneumonitis	0.632350040220256	1/149	54/9163
Hypertrophic Cardiomyopathy	0.652925687914952	1/149	57/9163
Amyotrophic Lateral Sclerosis	0.659025245880393	1/149	58/9163
Cardiomyopathies	0.672834733675016	2/149	130/9163
Cerebrovascular accident	0.683791739847251	1/149	62/9163
Coronary Arteriosclerosis	0.688485771548372	1/149	63/9163
Coronary Artery Disease	0.688485771548372	1/149	63/9163
Microcephaly	0.70594656451841	1/149	66/9163
mixed gliomas	0.721645200105078	1/149	69/9163
Malignant Glioma	0.721645200105078	1/149	69/9163
Esophageal Neoplasms	0.741753833452558	1/149	73/9163
Malignant neoplasm of esophagus	0.741753833452558	1/149	73/9163
Drug toxicity	0.785634516308777	1/149	84/9163
Hyperalgesia	0.785634516308777	1/149	84/9163
Parkinson Disease	0.785634516308777	1/149	83/9163
Adverse reaction to drug	0.785634516308777	1/149	84/9163
Allodynia	0.785634516308777	1/149	84/9163
Hyperalgesia, Primary	0.785634516308777	1/149	84/9163
Hyperalgesia, Secondary	0.785634516308777	1/149	84/9163
Tactile Allodynia	0.785634516308777	1/149	84/9163
Hyperalgesia, Thermal	0.785634516308777	1/149	84/9163
Mechanical Allodynia	0.785634516308777	1/149	84/9163
Dystonia	0.792363465503498	1/149	86/9163
Glioma	0.792363465503498	1/149	86/9163
Presenile dementia	0.80005080301614	1/149	89/9163
Alzheimer Disease, Late Onset	0.80005080301614	1/149	89/9163
Acute Confusional Senile Dementia	0.80005080301614	1/149	89/9163
Alzheimer's Disease, Focal Onset	0.80005080301614	1/149	89/9163
Alzheimer Disease, Early Onset	0.80005080301614	1/149	89/9163
Familial Alzheimer Disease (FAD)	0.803073236705922	1/149	90/9163
Alzheimer's Disease	0.806024618845744	1/149	91/9163
Bipolar Disorder	0.807024576797027	6/149	467/9163
Squamous cell carcinoma of esophagus	0.807984925405422	1/149	92/9163
Unipolar Depression	0.816196808714034	3/149	255/9163
hearing impairment	0.824179924457028	1/149	97/9163
Colorectal Carcinoma	0.826018779495498	9/149	690/9163
Alcoholic Intoxication, Chronic	0.833228234682978	3/149	264/9163
Weight Gain	0.837930018222038	1/149	102/9163
Heart failure	0.851199230575735	1/149	110/9163
Congestive heart failure	0.851199230575735	1/149	110/9163
Hepatitis, Toxic	0.851199230575735	3/149	280/9163
Left-Sided Heart Failure	0.851199230575735	1/149	110/9163
Obesity	0.851199230575735	2/149	199/9163
Heart Failure, Right-Sided	0.851199230575735	1/149	110/9163
Drug-Induced Liver Disease	0.851199230575735	3/149	280/9163
Hepatitis, Drug-Induced	0.851199230575735	3/149	280/9163
Myocardial Failure	0.851199230575735	1/149	110/9163
Heart Decompensation	0.851199230575735	1/149	110/9163
Drug-Induced Acute Liver Injury	0.851199230575735	3/149	280/9163
Chemical and Drug Induced Liver Injury	0.851199230575735	3/149	280/9163
Chemically-Induced Liver Toxicity	0.851199230575735	3/149	280/9163
Polydactyly	0.866397121894372	1/149	117/9163
Seizures	0.884785117407087	2/149	218/9163
Renal Cell Carcinoma	0.885034520491904	1/149	128/9163
Chromophobe Renal Cell Carcinoma	0.885034520491904	1/149	128/9163
Sarcomatoid Renal Cell Carcinoma	0.885034520491904	1/149	128/9163
Collecting Duct Carcinoma of the Kidney	0.885034520491904	1/149	128/9163
Papillary Renal Cell Carcinoma	0.885034520491904	1/149	128/9163
Paroxysmal atrial fibrillation	0.916854889727729	1/149	149/9163
Conventional (Clear Cell) Renal Cell Carcinoma	0.916854889727729	1/149	148/9163
Persistent atrial fibrillation	0.916854889727729	1/149	149/9163
familial atrial fibrillation	0.916854889727729	1/149	149/9163
Atrial Fibrillation	0.921345474159026	1/149	153/9163
Liver Cirrhosis, Experimental	0.97305990619546	7/149	773/9163
