ann	chr	start	end	snp_484_roadmap_dist	snp_364_encode_dist	snp_94_regulome2b
rs1004446_gwas	chr11	2170142	2170143	TRUE	FALSE	FALSE
rs10073277_ldlink	chr5	40488685	40488686	TRUE	FALSE	FALSE
rs1016431_ldlink	chr7	51020335	51020336	TRUE	FALSE	FALSE
rs1018941_ldlink	chr7	51028321	51028322	TRUE	FALSE	FALSE
rs1018942_ldlink	chr7	51028399	51028400	TRUE	FALSE	FALSE
rs10215738_ldlink	chr7	26843461	26843462	TRUE	FALSE	FALSE
rs10248500_ldlink	chr7	26863293	26863294	TRUE	FALSE	FALSE
rs10262414_ldlink	chr7	26854265	26854266	TRUE	FALSE	FALSE
rs10266759_ldlink	chr7	26855281	26855282	TRUE	FALSE	FALSE
rs10277986_ldlink	chr7	51028986	51028987	TRUE	FALSE	FALSE
rs10440635_ldlink	chr5	40490789	40490790	TRUE	TRUE	FALSE
rs1045100_ldlink	chr2	234203596	234203597	TRUE	FALSE	FALSE
rs1049053_ldlink	chr6	32634404	32634405	TRUE	TRUE	FALSE
rs1049055_ldlink	chr6	32634386	32634387	TRUE	TRUE	FALSE
rs1049213_ldlink	chr6	32627772	32627773	TRUE	TRUE	FALSE
rs1049225_ldlink	chr6	32627746	32627747	TRUE	TRUE	FALSE
rs10517086_gwas	chr4	26085510	26085511	TRUE	TRUE	FALSE
rs10582618_ldlink	chr3	49577045	49577046	TRUE	TRUE	FALSE
rs1063347_ldlink	chr6	32627955	32627956	TRUE	TRUE	FALSE
rs10640_ldlink	chr3	49454276	49454277	TRUE	FALSE	FALSE
rs10713117_ldlink	chr5	40489385	40489386	TRUE	FALSE	FALSE
rs10758593_ldlink	chr9	4292082	4292083	TRUE	FALSE	FALSE
rs10795791_gwas	chr10	6108339	6108340	TRUE	FALSE	FALSE
rs10876870_ldlink	chr12	56478001	56478002	TRUE	TRUE	FALSE
rs10905718_ldlink	chr10	6114855	6114856	TRUE	TRUE	FALSE
rs10905719_ldlink	chr10	6115170	6115171	TRUE	FALSE	FALSE
rs111256769_ldlink	chr11	2213645	2213646	TRUE	FALSE	FALSE
rs11176564_ldlink	chr12	40818167	40818168	TRUE	FALSE	FALSE
rs11203202_gwas	chr21	43825356	43825357	TRUE	FALSE	FALSE
rs11203203_gwas	chr21	43836185	43836186	TRUE	FALSE	FALSE
rs112201657_ldlink	chr6	36019075	36019076	TRUE	FALSE	FALSE
rs113003633_ldlink	chr7	26862982	26862983	TRUE	FALSE	FALSE
rs113008645_ldlink	chr6	36015535	36015536	TRUE	FALSE	FALSE
rs1130456_ldlink	chr6	32627378	32627379	TRUE	TRUE	FALSE
rs1130457_ldlink	chr6	32627366	32627367	TRUE	TRUE	FALSE
rs113607956_ldlink	chr11	2212722	2212723	TRUE	TRUE	FALSE
rs114006992_ldlink	chr1	78825245	78825246	TRUE	FALSE	FALSE
rs115363824_ldlink	chr1	78841378	78841379	TRUE	FALSE	FALSE
rs115385700_ldlink	chr1	78885023	78885024	TRUE	FALSE	FALSE
rs11564104_ldlink	chr12	40826534	40826535	TRUE	FALSE	FALSE
rs11564126_ldlink	chr12	40820000	40820001	TRUE	FALSE	FALSE
rs11564144_ldlink	chr12	40817994	40817995	TRUE	FALSE	FALSE
rs11564236_ldlink	chr12	40828305	40828306	TRUE	FALSE	FALSE
rs11564237_ldlink	chr12	40828018	40828019	TRUE	FALSE	FALSE
rs11564238_ldlink	chr12	40827821	40827822	TRUE	FALSE	FALSE
rs11564242_ldlink	chr12	40825107	40825108	TRUE	TRUE	FALSE
rs11564248_ldlink	chr12	40820569	40820570	TRUE	FALSE	FALSE
rs11564249_ldlink	chr12	40820402	40820403	TRUE	FALSE	FALSE
rs11564250_ldlink	chr12	40819723	40819724	TRUE	FALSE	FALSE
rs11564258_ldlink	chr12	40792299	40792300	TRUE	FALSE	FALSE
rs11564259_ldlink	chr12	40792196	40792197	TRUE	FALSE	FALSE
rs116050397_ldlink	chr1	78836873	78836874	TRUE	TRUE	FALSE
rs116362880_ldlink	chr1	78831307	78831308	TRUE	FALSE	FALSE
rs117021749_ldlink	chr12	40809189	40809190	TRUE	FALSE	FALSE
rs117109234_ldlink	chr12	40818995	40818996	TRUE	FALSE	FALSE
rs11713474_ldlink	chr3	49611456	49611457	TRUE	FALSE	FALSE
rs11715915_ldlink	chr3	49455329	49455330	TRUE	TRUE	FALSE
rs11720597_ldlink	chr3	49635353	49635354	TRUE	FALSE	FALSE
rs117372389_gwas	chr16	50668076	50668077	TRUE	FALSE	FALSE
rs11741255_gwas	chr5	131811181	131811182	TRUE	FALSE	FALSE
rs117437130_ldlink	chr12	40818410	40818411	TRUE	FALSE	FALSE
rs11757155_ldlink	chr6	90941239	90941240	TRUE	TRUE	FALSE
rs11765215_ldlink	chr7	51022159	51022160	TRUE	FALSE	FALSE
rs117774158_ldlink	chr12	40826682	40826683	TRUE	FALSE	FALSE
rs117909126_ldlink	chr12	40809337	40809338	TRUE	FALSE	FALSE
rs117929583_ldlink	chr12	40791406	40791407	TRUE	FALSE	FALSE
rs11861236_ldlink	chr16	11183625	11183626	TRUE	FALSE	FALSE
rs11926781_ldlink	chr3	49603288	49603289	TRUE	FALSE	FALSE
rs11954020_gwas	chr5	35883250	35883251	TRUE	FALSE	FALSE
rs11957503_ldlink	chr5	35883175	35883176	TRUE	FALSE	FALSE
rs12162308_ldlink	chr2	234172187	234172188	TRUE	FALSE	FALSE
rs12251307_gwas	chr10	6123494	6123495	TRUE	FALSE	FALSE
rs12330269_ldlink	chr3	49513909	49513910	TRUE	TRUE	FALSE
rs12425677_ldlink	chr12	40818449	40818450	TRUE	FALSE	FALSE
rs12425678_ldlink	chr12	40818461	40818462	TRUE	FALSE	FALSE
rs12446550_ldlink	chr16	28543380	28543381	TRUE	TRUE	FALSE
rs12532199_ldlink	chr7	26854374	26854375	TRUE	FALSE	FALSE
rs12532796_ldlink	chr7	26854827	26854828	TRUE	FALSE	FALSE
rs12537323_ldlink	chr7	26854387	26854388	TRUE	FALSE	FALSE
rs12539719_ldlink	chr7	26844851	26844852	TRUE	FALSE	FALSE
rs12540045_ldlink	chr7	26863173	26863174	TRUE	FALSE	FALSE
rs12540508_ldlink	chr7	26868634	26868635	TRUE	FALSE	FALSE
rs12599402_ldlink	chr16	11189887	11189888	TRUE	FALSE	FALSE
rs1264349_ldlink	chr6	30796658	30796659	TRUE	TRUE	FALSE
rs1264351_ldlink	chr6	30792116	30792117	TRUE	FALSE	FALSE
rs1264352_ldlink	chr6	30789646	30789647	TRUE	TRUE	FALSE
rs1264353_ldlink	chr6	30787761	30787762	TRUE	FALSE	FALSE
rs1264355_ldlink	chr6	30784192	30784193	TRUE	FALSE	FALSE
rs1264356_ldlink	chr6	30784067	30784068	TRUE	FALSE	FALSE
rs1264357_ldlink	chr6	30783578	30783579	TRUE	TRUE	FALSE
rs1264361_ldlink	chr6	30777497	30777498	TRUE	TRUE	FALSE
rs1264373_ldlink	chr6	30769272	30769273	TRUE	FALSE	FALSE
rs1265905_ldlink	chr6	31909940	31909941	TRUE	FALSE	FALSE
rs12722485_ldlink	chr10	6105135	6105136	TRUE	FALSE	FALSE
rs12917656_ldlink	chr16	11187861	11187862	TRUE	TRUE	FALSE
rs12917716_ldlink	chr16	11189147	11189148	TRUE	TRUE	FALSE
rs12917893_ldlink	chr16	11239977	11239978	TRUE	FALSE	FALSE
rs12919083_ldlink	chr16	11188929	11188930	TRUE	TRUE	FALSE
rs12924729_ldlink	chr16	11187782	11187783	TRUE	FALSE	FALSE
rs12927355_gwas	chr16	11194770	11194771	TRUE	FALSE	FALSE
rs12928537_ldlink	chr16	11191399	11191400	TRUE	TRUE	FALSE
rs12930373_ldlink	chr16	11239598	11239599	TRUE	FALSE	FALSE
rs13048554_ldlink	chr21	43819990	43819991	TRUE	FALSE	FALSE
rs1332099_gwas	chr10	101298450	101298451	TRUE	FALSE	FALSE
rs13375172_ldlink	chr1	78824326	78824327	TRUE	FALSE	FALSE
rs1361107_ldlink	chr6	126767510	126767511	TRUE	FALSE	FALSE
rs1361108_ldlink	chr6	126767599	126767600	TRUE	FALSE	FALSE
rs138073019_ldlink	chr3	49536128	49536129	TRUE	FALSE	FALSE
rs138435304_ldlink	chr12	40817878	40817879	TRUE	FALSE	FALSE
rs140643155_ldlink	chr2	234170323	234170324	TRUE	TRUE	FALSE
rs141037287_ldlink	chr12	40788646	40788647	TRUE	FALSE	FALSE
rs141522472_ldlink	chr12	40826760	40826761	TRUE	FALSE	FALSE
rs143626010_ldlink	chr16	28539397	28539398	TRUE	FALSE	FALSE
rs144318248_ldlink	chr12	40819188	40819189	TRUE	FALSE	FALSE
rs145665119_ldlink	chr12	40791851	40791852	TRUE	FALSE	FALSE
rs145798252_ldlink	chr12	40817817	40817818	TRUE	FALSE	FALSE
rs146130316_ldlink	chr1	200768006	200768007	TRUE	FALSE	FALSE
rs1465788_gwas	chr14	69263598	69263599	TRUE	TRUE	FALSE
rs146759849_ldlink	chr12	40802963	40802964	TRUE	FALSE	FALSE
rs148124094_ldlink	chr12	40809052	40809053	TRUE	FALSE	FALSE
rs149803864_ldlink	chr12	40793662	40793663	TRUE	FALSE	FALSE
rs150011257_ldlink	chr12	40819170	40819171	TRUE	FALSE	FALSE
rs150783999_ldlink	chr12	40826638	40826639	TRUE	FALSE	FALSE
rs151174_ldlink	chr16	28508068	28508069	TRUE	TRUE	FALSE
rs151234_gwas	chr16	28505659	28505660	TRUE	TRUE	FALSE
rs1530016_ldlink	chr2	25305755	25305756	TRUE	FALSE	FALSE
rs153106_ldlink	chr16	28526896	28526897	TRUE	FALSE	FALSE
rs1538172_ldlink	chr6	126748492	126748493	TRUE	FALSE	FALSE
rs1541269_ldlink	chr6	30103359	30103360	TRUE	FALSE	FALSE
rs1548389_ldlink	chr22	30573551	30573552	TRUE	FALSE	FALSE
rs1591805_ldlink	chr6	126717063	126717064	TRUE	FALSE	FALSE
rs1595260_ldlink	chr14	69267694	69267695	TRUE	TRUE	FALSE
rs1595261_ldlink	chr14	69268398	69268399	TRUE	TRUE	FALSE
rs1605895_ldlink	chrX	153949792	153949793	TRUE	TRUE	FALSE
rs1613056_ldlink	chr6	32668945	32668946	TRUE	FALSE	FALSE
rs16878091_ldlink	chr4	26088127	26088128	TRUE	TRUE	FALSE
rs1701704_gwas	chr12	56412486	56412487	TRUE	FALSE	FALSE
rs17444626_ldlink	chr12	40795020	40795021	TRUE	FALSE	FALSE
rs17444840_ldlink	chr12	40819948	40819949	TRUE	FALSE	FALSE
rs17444966_ldlink	chr12	40827890	40827891	TRUE	FALSE	FALSE
rs17462180_ldlink	chr12	40820164	40820165	TRUE	FALSE	FALSE
rs17467137_ldlink	chr12	40809501	40809502	TRUE	FALSE	FALSE
rs17467213_ldlink	chr12	40820123	40820124	TRUE	FALSE	FALSE
rs17630466_ldlink	chr4	26086568	26086569	TRUE	FALSE	FALSE
rs17640009_ldlink	chr16	28595699	28595700	TRUE	FALSE	FALSE
rs17673553_ldlink	chr16	11241905	11241906	TRUE	TRUE	FALSE
rs17754780_ldlink	chr6	126664332	126664333	TRUE	FALSE	FALSE
rs1790961_ldlink	chr18	67525285	67525286	TRUE	FALSE	FALSE
rs1794277_ldlink	chr6	32668662	32668663	TRUE	TRUE	FALSE
rs1794279_ldlink	chr6	32667594	32667595	TRUE	FALSE	FALSE
rs1794280_ldlink	chr6	32667170	32667171	TRUE	FALSE	FALSE
rs1794282_ldlink	chr6	32666525	32666526	TRUE	FALSE	FALSE
rs1794283_ldlink	chr6	32666357	32666358	TRUE	FALSE	FALSE
rs1794511_ldlink	chr6	32671206	32671207	TRUE	FALSE	FALSE
rs1794519_ldlink	chr6	32662472	32662473	TRUE	FALSE	FALSE
rs1794520_ldlink	chr6	32662337	32662338	TRUE	FALSE	FALSE
rs1801143_ldlink	chr3	49570199	49570200	TRUE	FALSE	FALSE
rs1808094_ldlink	chr18	67526025	67526026	TRUE	FALSE	FALSE
rs1836984_ldlink	chr14	69270890	69270891	TRUE	FALSE	FALSE
rs1859477_ldlink	chr7	51023565	51023566	TRUE	FALSE	FALSE
rs189278832_ldlink	chr16	28539385	28539386	TRUE	FALSE	FALSE
rs1904522_ldlink	chr4	123336917	123336918	TRUE	FALSE	FALSE
rs193778_gwas	chr16	11351210	11351211	TRUE	TRUE	FALSE
rs193779_ldlink	chr16	11350964	11350965	TRUE	TRUE	FALSE
rs194748_ldlink	chr14	69275088	69275089	TRUE	FALSE	FALSE
rs194749_ldlink	chr14	69273904	69273905	TRUE	TRUE	FALSE
rs194751_ldlink	chr14	69270726	69270727	TRUE	FALSE	FALSE
rs199703399_ldlink	chr12	40793574	40793575	TRUE	FALSE	FALSE
rs199922348_ldlink	chr12	40776405	40776406	TRUE	FALSE	FALSE
rs201107789_ldlink	chr16	28556563	28556564	TRUE	FALSE	FALSE
rs201448645_ldlink	chr12	40819394	40819395	TRUE	FALSE	FALSE
rs2014857_ldlink	chr18	12774325	12774326	TRUE	FALSE	FALSE
rs2017917_ldlink	chr12	40793898	40793899	TRUE	FALSE	FALSE
rs2021716_ldlink	chr6	90941288	90941289	TRUE	FALSE	FALSE
rs2069763_ldlink	chr4	123377481	123377482	TRUE	FALSE	FALSE
rs2156309_ldlink	chr21	43824528	43824529	TRUE	TRUE	FALSE
rs2184967_ldlink	chr6	126773486	126773487	TRUE	FALSE	FALSE
rs2194225_ldlink	chr5	35883803	35883804	TRUE	TRUE	FALSE
rs2194226_ldlink	chr5	35883756	35883757	TRUE	TRUE	FALSE
rs2251396_gwas	chr6	31364706	31364707	TRUE	TRUE	FALSE
rs2271194_ldlink	chr12	56477693	56477694	TRUE	FALSE	FALSE
rs2277799_ldlink	chr21	43824122	43824123	TRUE	TRUE	FALSE
rs229531_ldlink	chr22	37585735	37585736	TRUE	FALSE	FALSE
rs229533_gwas	chr22	37587110	37587111	TRUE	FALSE	FALSE
rs229536_ldlink	chr22	37589868	37589869	TRUE	TRUE	FALSE
rs229540_ldlink	chr22	37591289	37591290	TRUE	FALSE	FALSE
rs229541_gwas	chr22	37591317	37591318	TRUE	FALSE	FALSE
rs229542_ldlink	chr22	37592105	37592106	TRUE	TRUE	FALSE
rs229544_ldlink	chr22	37593079	37593080	TRUE	TRUE	FALSE
rs229562_ldlink	chr22	37599064	37599065	TRUE	FALSE	FALSE
rs2304256_gwas	chr19	10475651	10475652	TRUE	FALSE	FALSE
rs231977_ldlink	chr16	28542171	28542172	TRUE	FALSE	FALSE
rs2395158_ldlink	chr6	32374594	32374595	TRUE	FALSE	FALSE
rs240702_ldlink	chr16	28531352	28531353	TRUE	FALSE	FALSE
rs240707_ldlink	chr16	28524611	28524612	TRUE	FALSE	FALSE
rs2438679_ldlink	chr2	25317652	25317653	TRUE	FALSE	FALSE
rs2647004_ldlink	chr6	32659608	32659609	TRUE	FALSE	FALSE
rs2647019_ldlink	chr6	32663354	32663355	TRUE	FALSE	FALSE
rs2647044_gwas	chr6	32667909	32667910	TRUE	FALSE	FALSE
rs2664170_gwas	chrX	153945601	153945602	TRUE	FALSE	FALSE
rs2664172_ldlink	chrX	153949613	153949614	TRUE	TRUE	FALSE
rs2728723_ldlink	chrX	153948686	153948687	TRUE	TRUE	FALSE
rs28480229_ldlink	chr14	98494677	98494678	TRUE	FALSE	FALSE
rs2854275_ldlink	chr6	32628427	32628428	TRUE	TRUE	FALSE
rs2854277_ldlink	chr6	32628083	32628084	TRUE	TRUE	FALSE
rs2856674_ldlink	chr6	32659644	32659645	TRUE	FALSE	FALSE
rs2857595_gwas	chr6	31568468	31568469	TRUE	FALSE	FALSE
rs28617235_ldlink	chr7	26854670	26854671	TRUE	FALSE	FALSE
rs28698667_ldlink	chr16	28533070	28533071	TRUE	TRUE	FALSE
rs28772958_ldlink	chr16	28535304	28535305	TRUE	TRUE	FALSE
rs2903692_gwas	chr16	11238782	11238783	TRUE	FALSE	FALSE
rs2917916_ldlink	chr2	25316335	25316336	TRUE	FALSE	FALSE
rs2918630_ldlink	chr2	25314185	25314186	TRUE	FALSE	FALSE
rs3018275_ldlink	chr18	67525856	67525857	TRUE	FALSE	FALSE
rs3024493_ldlink	chr1	206943967	206943968	TRUE	TRUE	FALSE
rs3024495_ldlink	chr1	206942412	206942413	TRUE	TRUE	FALSE
rs3024505_gwas	chr1	206939903	206939904	TRUE	TRUE	FALSE
rs3087243_gwas	chr2	204738918	204738919	TRUE	TRUE	FALSE
rs3129716_ldlink	chr6	32657435	32657436	TRUE	TRUE	FALSE
rs3129720_ldlink	chr6	32663630	32663631	TRUE	FALSE	FALSE
rs3130632_ldlink	chr6	31562763	31562764	TRUE	FALSE	FALSE
rs3134942_ldlink	chr6	32168770	32168771	TRUE	FALSE	FALSE
rs3134962_ldlink	chr6	32107850	32107851	TRUE	FALSE	FALSE
rs3134994_ldlink	chr6	32637679	32637680	TRUE	FALSE	FALSE
rs3135001_ldlink	chr6	32670135	32670136	TRUE	FALSE	FALSE
rs3135002_gwas	chr6	32668438	32668439	TRUE	TRUE	FALSE
rs3135006_ldlink	chr6	32667118	32667119	TRUE	FALSE	FALSE
rs3135461_ldlink	chr6	32680121	32680122	TRUE	FALSE	FALSE
rs33999608_ldlink	chr3	49611659	49611660	TRUE	FALSE	FALSE
rs34143578_ldlink	chr5	35884203	35884204	TRUE	TRUE	FALSE
rs34185821_ldlink	chr4	26085479	26085480	TRUE	TRUE	FALSE
rs34196454_ldlink	chr3	49563455	49563456	TRUE	FALSE	FALSE
rs34427167_ldlink	chr3	49610222	49610223	TRUE	FALSE	FALSE
rs34544259_ldlink	chr21	43834853	43834854	TRUE	TRUE	FALSE
rs34560559_ldlink	chr18	12774638	12774639	TRUE	FALSE	FALSE
rs34720006_ldlink	chr16	11243454	11243455	TRUE	FALSE	FALSE
rs34920518_ldlink	chr18	12783085	12783086	TRUE	FALSE	FALSE
rs35024166_ldlink	chr3	49456100	49456101	TRUE	TRUE	FALSE
rs35169793_ldlink	chr3	49423273	49423274	TRUE	TRUE	FALSE
rs35175818_ldlink	chr16	28608745	28608746	TRUE	FALSE	FALSE
rs35609673_ldlink	chr2	234203577	234203578	TRUE	FALSE	FALSE
rs35615287_ldlink	chr15	38846341	38846342	TRUE	FALSE	FALSE
rs35890166_ldlink	chr12	40818225	40818226	TRUE	FALSE	FALSE
rs35914000_ldlink	chr4	123355922	123355923	TRUE	FALSE	FALSE
rs36027443_ldlink	chr15	38846346	38846347	TRUE	FALSE	FALSE
rs3730327_ldlink	chr6	36027141	36027142	TRUE	FALSE	FALSE
rs3741204_ldlink	chr11	2169907	2169908	TRUE	FALSE	FALSE
rs3742887_ldlink	chr14	69262440	69262441	TRUE	TRUE	FALSE
rs3746923_ldlink	chr21	43826343	43826344	TRUE	TRUE	FALSE
rs3801825_ldlink	chr7	26856958	26856959	TRUE	FALSE	FALSE
rs3801826_ldlink	chr7	26856719	26856720	TRUE	FALSE	FALSE
rs3801827_ldlink	chr7	26856625	26856626	TRUE	FALSE	FALSE
rs3801828_ldlink	chr7	26855283	26855284	TRUE	FALSE	FALSE
rs3801829_ldlink	chr7	26854995	26854996	TRUE	FALSE	FALSE
rs3801830_ldlink	chr7	26854869	26854870	TRUE	FALSE	FALSE
rs3801831_ldlink	chr7	26853469	26853470	TRUE	TRUE	FALSE
rs3823929_ldlink	chr7	26856599	26856600	TRUE	FALSE	FALSE
rs3823930_ldlink	chr7	26856524	26856525	TRUE	FALSE	FALSE
rs3823931_ldlink	chr7	26854025	26854026	TRUE	FALSE	FALSE
rs3823932_ldlink	chr7	26853979	26853980	TRUE	FALSE	FALSE
rs3823933_ldlink	chr7	26853965	26853966	TRUE	FALSE	FALSE
rs3823934_ldlink	chr7	26853933	26853934	TRUE	FALSE	FALSE
rs3823936_ldlink	chr7	26853829	26853830	TRUE	FALSE	FALSE
rs3823938_ldlink	chr7	26853740	26853741	TRUE	FALSE	FALSE
rs3828805_ldlink	chr6	32636119	32636120	TRUE	TRUE	FALSE
rs3830058_ldlink	chr6	32634009	32634010	TRUE	TRUE	FALSE
rs3842174_ldlink	chr7	26853760	26853761	TRUE	FALSE	FALSE
rs3842748_ldlink	chr11	2181394	2181395	TRUE	TRUE	FALSE
rs3842752_ldlink	chr11	2181072	2181073	TRUE	FALSE	FALSE
rs3842753_ldlink	chr11	2181059	2181060	TRUE	FALSE	FALSE
rs3842755_ldlink	chr11	2180795	2180796	TRUE	FALSE	FALSE
rs3842756_ldlink	chr11	2180771	2180772	TRUE	FALSE	FALSE
rs389884_ldlink	chr6	31940896	31940897	TRUE	TRUE	FALSE
rs3899331_ldlink	chr12	40794292	40794293	TRUE	FALSE	FALSE
rs3899332_ldlink	chr12	40794451	40794452	TRUE	FALSE	FALSE
rs3909731_ldlink	chr12	40791929	40791930	TRUE	FALSE	FALSE
rs3926569_ldlink	chr3	49558715	49558716	TRUE	FALSE	FALSE
rs41271263_ldlink	chr6	36020158	36020159	TRUE	TRUE	FALSE
rs41295061_ldlink	chr10	6114659	6114660	TRUE	TRUE	FALSE
rs41295063_ldlink	chr10	6115203	6115204	TRUE	FALSE	FALSE
rs41295081_ldlink	chr10	6119233	6119234	TRUE	FALSE	FALSE
rs41295113_ldlink	chr10	6123328	6123329	TRUE	FALSE	FALSE
rs4147359_ldlink	chr10	6108438	6108439	TRUE	FALSE	FALSE
rs4149398_ldlink	chr16	28608937	28608938	TRUE	TRUE	FALSE
rs4311549_ldlink	chr6	32635090	32635091	TRUE	FALSE	FALSE
rs4322688_ldlink	chr16	11238990	11238991	TRUE	FALSE	FALSE
rs4377824_ldlink	chr6	32635490	32635491	TRUE	FALSE	FALSE
rs4403294_ldlink	chr6	32634921	32634922	TRUE	FALSE	FALSE
rs4438772_ldlink	chr4	123420094	123420095	TRUE	FALSE	FALSE
rs4516985_ldlink	chr6	32635631	32635632	TRUE	FALSE	FALSE
rs4559102_ldlink	chr6	126773579	126773580	TRUE	FALSE	FALSE
rs475868_ldlink	chr2	25318058	25318059	TRUE	FALSE	FALSE
rs4759229_ldlink	chr12	56474479	56474480	TRUE	TRUE	FALSE
rs4768252_ldlink	chr12	40808671	40808672	TRUE	FALSE	FALSE
rs4768253_ldlink	chr12	40808725	40808726	TRUE	FALSE	FALSE
rs4768254_ldlink	chr12	40808798	40808799	TRUE	FALSE	FALSE
rs478222_gwas	chr2	25301754	25301755	TRUE	TRUE	FALSE
rs4787457_ldlink	chr16	28555399	28555400	TRUE	FALSE	FALSE
rs4787458_ldlink	chr16	28531286	28531287	TRUE	FALSE	FALSE
rs4788078_ldlink	chr16	28559980	28559981	TRUE	FALSE	FALSE
rs4788084_gwas	chr16	28539847	28539848	TRUE	TRUE	FALSE
rs4788085_ldlink	chr16	28535002	28535003	TRUE	FALSE	FALSE
rs483428_ldlink	chr2	25305135	25305136	TRUE	FALSE	FALSE
rs487617_ldlink	chr2	25309755	25309756	TRUE	FALSE	FALSE
rs488817_ldlink	chr2	25332695	25332696	TRUE	FALSE	FALSE
rs4891781_ldlink	chr18	67524645	67524646	TRUE	FALSE	FALSE
rs4897181_ldlink	chr6	126753563	126753564	TRUE	FALSE	FALSE
rs492393_ldlink	chr2	25315510	25315511	TRUE	FALSE	FALSE
rs4924273_ldlink	chr15	38846737	38846738	TRUE	TRUE	FALSE
rs4929966_ldlink	chr11	2197435	2197436	TRUE	TRUE	FALSE
rs497567_ldlink	chr2	25335088	25335089	TRUE	TRUE	FALSE
rs512419_ldlink	chr2	25310154	25310155	TRUE	FALSE	FALSE
rs519111_ldlink	chr2	25333734	25333735	TRUE	FALSE	FALSE
rs522806_ldlink	chr2	25316583	25316584	TRUE	FALSE	FALSE
rs530951_ldlink	chr2	25307004	25307005	TRUE	FALSE	FALSE
rs546217_ldlink	chr2	25311536	25311537	TRUE	FALSE	FALSE
rs55870745_ldlink	chr16	11355101	11355102	TRUE	FALSE	FALSE
rs559047_gwas	chr1	238753915	238753916	TRUE	FALSE	FALSE
rs55916920_ldlink	chr6	170376382	170376383	TRUE	FALSE	FALSE
rs55926010_ldlink	chr2	234170325	234170326	TRUE	TRUE	FALSE
rs56020020_ldlink	chr5	158827533	158827534	TRUE	FALSE	FALSE
rs56059109_ldlink	chr6	36025306	36025307	TRUE	FALSE	FALSE
rs56069754_ldlink	chr16	11362639	11362640	TRUE	FALSE	FALSE
rs56167332_ldlink	chr5	158827768	158827769	TRUE	FALSE	FALSE
rs56267605_ldlink	chr4	123363108	123363109	TRUE	FALSE	FALSE
rs56350515_ldlink	chr16	11355103	11355104	TRUE	FALSE	FALSE
rs56360035_ldlink	chr4	123363028	123363029	TRUE	FALSE	FALSE
rs564667_ldlink	chr2	25310859	25310860	TRUE	FALSE	FALSE
rs57135974_ldlink	chr7	26850698	26850699	TRUE	FALSE	FALSE
rs5763842_ldlink	chr22	30568737	30568738	TRUE	FALSE	FALSE
rs58583792_ldlink	chr6	36000701	36000702	TRUE	FALSE	FALSE
rs58760954_ldlink	chr7	26850775	26850776	TRUE	FALSE	FALSE
rs58939053_ldlink	chr4	123386012	123386013	TRUE	FALSE	FALSE
rs5945233_ldlink	chrX	153939324	153939325	TRUE	FALSE	FALSE
rs59867199_ldlink	chr4	123452230	123452231	TRUE	FALSE	FALSE
rs5987015_ldlink	chrX	153947980	153947981	TRUE	TRUE	FALSE
rs61839680_ldlink	chr10	6123715	6123716	TRUE	FALSE	FALSE
rs62026379_ldlink	chr16	11241805	11241806	TRUE	TRUE	FALSE
rs62031562_ldlink	chr16	28609328	28609329	TRUE	TRUE	FALSE
rs62034318_ldlink	chr16	28527220	28527221	TRUE	FALSE	FALSE
rs62034319_ldlink	chr16	28532187	28532188	TRUE	TRUE	FALSE
rs62034321_ldlink	chr16	28534037	28534038	TRUE	FALSE	FALSE
rs62034322_ldlink	chr16	28535833	28535834	TRUE	FALSE	FALSE
rs62034323_ldlink	chr16	28536472	28536473	TRUE	TRUE	FALSE
rs62034324_ldlink	chr16	28536761	28536762	TRUE	FALSE	FALSE
rs62034325_ldlink	chr16	28538639	28538640	TRUE	TRUE	FALSE
rs62034326_ldlink	chr16	28539292	28539293	TRUE	FALSE	FALSE
rs62034350_ldlink	chr16	28562255	28562256	TRUE	FALSE	FALSE
rs62034358_ldlink	chr16	28587596	28587597	TRUE	FALSE	FALSE
rs62408233_ldlink	chr6	90976608	90976609	TRUE	FALSE	FALSE
rs62626322_ldlink	chr10	6115638	6115639	TRUE	FALSE	FALSE
rs6446264_ldlink	chr3	49417242	49417243	TRUE	FALSE	FALSE
rs6446272_ldlink	chr3	49463286	49463287	TRUE	FALSE	FALSE
rs64547_ldlink	chr22	37592503	37592504	TRUE	FALSE	FALSE
rs6495979_ldlink	chr15	38847358	38847359	TRUE	FALSE	FALSE
rs653178_gwas	chr12	112007755	112007756	TRUE	TRUE	FALSE
rs66498509_ldlink	chr6	170378574	170378575	TRUE	FALSE	FALSE
rs6766581_ldlink	chr3	49539400	49539401	TRUE	FALSE	FALSE
rs6793308_ldlink	chr3	49424282	49424283	TRUE	FALSE	FALSE
rs67957462_ldlink	chr11	2212447	2212448	TRUE	TRUE	FALSE
rs68037604_ldlink	chr11	2212486	2212487	TRUE	TRUE	FALSE
rs6921999_ldlink	chr6	36019927	36019928	TRUE	TRUE	FALSE
rs6930333_ldlink	chr6	36014587	36014588	TRUE	FALSE	FALSE
rs6948584_ldlink	chr7	26855731	26855732	TRUE	FALSE	FALSE
rs6948657_ldlink	chr7	26855942	26855943	TRUE	FALSE	FALSE
rs6997_ldlink	chr3	49453833	49453834	TRUE	TRUE	FALSE
rs71106590_ldlink	chr14	98494275	98494276	TRUE	FALSE	FALSE
rs7110836_ldlink	chr11	2212764	2212765	TRUE	FALSE	FALSE
rs7111341_gwas	chr11	2213165	2213166	TRUE	FALSE	FALSE
rs7121197_ldlink	chr11	2213257	2213258	TRUE	FALSE	FALSE
rs7129293_ldlink	chr11	2212857	2212858	TRUE	FALSE	FALSE
rs71324979_ldlink	chr3	49619650	49619651	TRUE	FALSE	FALSE
rs71397467_ldlink	chr2	25310229	25310230	TRUE	FALSE	FALSE
rs716501_ldlink	chr4	123351924	123351925	TRUE	FALSE	FALSE
rs7170151_ldlink	chr15	38846677	38846678	TRUE	TRUE	FALSE
rs71712303_ldlink	chr7	26854686	26854687	TRUE	FALSE	FALSE
rs71823311_ldlink	chr7	26854725	26854726	TRUE	FALSE	FALSE
rs7186573_ldlink	chr16	28587388	28587389	TRUE	FALSE	FALSE
rs720068_ldlink	chr7	51023320	51023321	TRUE	FALSE	FALSE
rs7203793_ldlink	chr16	11182133	11182134	TRUE	TRUE	FALSE
rs7204099_ldlink	chr16	11181755	11181756	TRUE	TRUE	FALSE
rs72669172_ldlink	chr4	123472815	123472816	TRUE	FALSE	FALSE
rs72771866_ldlink	chr16	11355221	11355222	TRUE	FALSE	FALSE
rs72802365_ldlink	chr16	75246034	75246035	TRUE	FALSE	FALSE
rs7283281_ldlink	chr21	43825518	43825519	TRUE	FALSE	FALSE
rs72853903_gwas	chr11	2198664	2198665	TRUE	FALSE	FALSE
rs73067435_ldlink	chr7	26850194	26850195	TRUE	FALSE	FALSE
rs73067437_ldlink	chr7	26850312	26850313	TRUE	FALSE	FALSE
rs73067443_ldlink	chr7	26851073	26851074	TRUE	FALSE	FALSE
rs73067472_ldlink	chr7	26855958	26855959	TRUE	FALSE	FALSE
rs73067475_ldlink	chr7	26857119	26857120	TRUE	FALSE	FALSE
rs73067476_ldlink	chr7	26857239	26857240	TRUE	FALSE	FALSE
rs73069533_ldlink	chr7	26892324	26892325	TRUE	FALSE	FALSE
rs73094961_ldlink	chr12	40788597	40788598	TRUE	FALSE	FALSE
rs7396447_ldlink	chr11	2211676	2211677	TRUE	FALSE	FALSE
rs741172_ldlink	chr16	11200797	11200798	TRUE	FALSE	FALSE
rs743590_ldlink	chr16	28608229	28608230	TRUE	TRUE	FALSE
rs7533564_gwas	chr1	78825911	78825912	TRUE	FALSE	FALSE
rs75539558_ldlink	chr16	28595809	28595810	TRUE	FALSE	FALSE
rs7622302_ldlink	chr3	49547560	49547561	TRUE	FALSE	FALSE
rs762633_ldlink	chr16	28608340	28608341	TRUE	TRUE	FALSE
rs7633271_ldlink	chr3	49555962	49555963	TRUE	FALSE	FALSE
rs76361611_ldlink	chr11	2212583	2212584	TRUE	TRUE	FALSE
rs7648841_ldlink	chr3	49416824	49416825	TRUE	FALSE	FALSE
rs7693745_ldlink	chr4	123235582	123235583	TRUE	FALSE	FALSE
rs76996808_ldlink	chr10	6124261	6124262	TRUE	FALSE	FALSE
rs7714574_ldlink	chr5	40492654	40492655	TRUE	FALSE	FALSE
rs77150043_gwas	chr16	50304248	50304249	TRUE	FALSE	FALSE
rs7720838_ldlink	chr5	40486895	40486896	TRUE	TRUE	FALSE
rs7725052_gwas	chr5	40487269	40487270	TRUE	TRUE	FALSE
rs7731626_gwas	chr5	55444682	55444683	TRUE	TRUE	FALSE
rs77719105_ldlink	chr12	40793459	40793460	TRUE	FALSE	FALSE
rs7800611_ldlink	chr7	51019661	51019662	TRUE	FALSE	FALSE
rs7804356_gwas	chr7	26891664	26891665	TRUE	FALSE	FALSE
rs7804620_ldlink	chr7	26891830	26891831	TRUE	FALSE	FALSE
rs7805766_ldlink	chr7	26865609	26865610	TRUE	FALSE	FALSE
rs78300565_ldlink	chr12	40793514	40793515	TRUE	FALSE	FALSE
rs7893840_ldlink	chr10	101293340	101293341	TRUE	TRUE	FALSE
rs79046494_ldlink	chr16	28527325	28527326	TRUE	FALSE	FALSE
rs7908704_ldlink	chr10	101293317	101293318	TRUE	TRUE	FALSE
rs79092647_ldlink	chr10	6109344	6109345	TRUE	FALSE	FALSE
rs79122809_ldlink	chr1	78833003	78833004	TRUE	FALSE	FALSE
rs79139914_ldlink	chr12	40773601	40773602	TRUE	FALSE	FALSE
rs79306701_ldlink	chr12	40826686	40826687	TRUE	FALSE	FALSE
rs79567815_ldlink	chr1	78910448	78910449	TRUE	FALSE	FALSE
rs79842431_ldlink	chr1	78837433	78837434	TRUE	FALSE	FALSE
rs80054410_ldlink	chr21	43836009	43836010	TRUE	TRUE	FALSE
rs8011558_ldlink	chr14	69263340	69263341	TRUE	TRUE	FALSE
rs80220485_ldlink	chr12	40809255	40809256	TRUE	FALSE	FALSE
rs8046271_ldlink	chr16	28541393	28541394	TRUE	FALSE	FALSE
rs8053595_ldlink	chr16	75252102	75252103	TRUE	TRUE	FALSE
rs8054218_ldlink	chr16	75252160	75252161	TRUE	TRUE	FALSE
rs8056814_gwas	chr16	75252326	75252327	TRUE	TRUE	FALSE
rs8176645_ldlink	chr9	136149097	136149098	TRUE	FALSE	FALSE
rs839652_ldlink	chr2	25334339	25334340	TRUE	FALSE	FALSE
rs877636_ldlink	chr12	56480582	56480583	TRUE	FALSE	FALSE
rs886423_ldlink	chr6	30782204	30782205	TRUE	TRUE	FALSE
rs886424_gwas	chr6	30782001	30782002	TRUE	TRUE	FALSE
rs886425_ldlink	chr6	30781300	30781301	TRUE	TRUE	FALSE
rs905671_ldlink	chr6	90983849	90983850	TRUE	TRUE	FALSE
rs917073_ldlink	chr7	51023663	51023664	TRUE	FALSE	FALSE
rs924043_gwas	chr6	170379024	170379025	TRUE	FALSE	FALSE
rs9268606_ldlink	chr6	32400069	32400070	TRUE	TRUE	FALSE
rs9272346_gwas	chr6	32604371	32604372	TRUE	TRUE	FALSE
rs9273369_ldlink	chr6	32626483	32626484	TRUE	TRUE	FALSE
rs9273423_ldlink	chr6	32627389	32627390	TRUE	TRUE	FALSE
rs9273440_ldlink	chr6	32627560	32627561	TRUE	TRUE	FALSE
rs9273442_ldlink	chr6	32627581	32627582	TRUE	TRUE	FALSE
rs9273713_ldlink	chr6	32629319	32629320	TRUE	TRUE	FALSE
rs9273754_ldlink	chr6	32629408	32629409	TRUE	TRUE	FALSE
rs9274436_ldlink	chr6	32633130	32633131	TRUE	TRUE	FALSE
rs9274464_ldlink	chr6	32633488	32633489	TRUE	TRUE	FALSE
rs9274478_ldlink	chr6	32633743	32633744	TRUE	TRUE	FALSE
rs9274488_ldlink	chr6	32633851	32633852	TRUE	TRUE	FALSE
rs9274507_ldlink	chr6	32634151	32634152	TRUE	TRUE	FALSE
rs9274526_ldlink	chr6	32634484	32634485	TRUE	TRUE	FALSE
rs9274528_ldlink	chr6	32634507	32634508	TRUE	TRUE	FALSE
rs9274535_ldlink	chr6	32634619	32634620	TRUE	TRUE	FALSE
rs9274579_ldlink	chr6	32635311	32635312	TRUE	TRUE	FALSE
rs9274626_ldlink	chr6	32636039	32636040	TRUE	TRUE	FALSE
rs9274637_ldlink	chr6	32636136	32636137	TRUE	TRUE	FALSE
rs9275576_ldlink	chr6	32679325	32679326	TRUE	FALSE	FALSE
rs9283753_ldlink	chr5	40490608	40490609	TRUE	TRUE	FALSE
rs9375435_ldlink	chr6	126661857	126661858	TRUE	TRUE	FALSE
rs9388486_ldlink	chr6	126661153	126661154	TRUE	TRUE	FALSE
rs9401882_ldlink	chr6	126755054	126755055	TRUE	FALSE	FALSE
rs943689_ldlink	chr6	90984034	90984035	TRUE	FALSE	FALSE
rs9460213_ldlink	chr6	170377811	170377812	TRUE	FALSE	FALSE
rs947474_gwas	chr10	6390449	6390450	TRUE	TRUE	FALSE
rs9517712_ldlink	chr13	100079832	100079833	TRUE	TRUE	FALSE
rs971615_ldlink	chr12	40792702	40792703	TRUE	FALSE	FALSE
rs971616_ldlink	chr12	40792855	40792856	TRUE	FALSE	FALSE
rs971617_ldlink	chr12	40792976	40792977	TRUE	FALSE	FALSE
rs9784208_ldlink	chr21	43824985	43824986	TRUE	FALSE	FALSE
rs9814873_ldlink	chr3	49454111	49454112	TRUE	TRUE	FALSE
rs9818590_ldlink	chr3	49525095	49525096	TRUE	FALSE	FALSE
rs9827021_ldlink	chr3	49514763	49514764	TRUE	FALSE	FALSE
rs9859556_ldlink	chr3	49455985	49455986	TRUE	FALSE	FALSE
rs9888868_ldlink	chr16	11183562	11183563	TRUE	TRUE	FALSE
rs9921586_ldlink	chr16	75245002	75245003	TRUE	FALSE	FALSE
rs9976479_ldlink	chr21	43836082	43836083	TRUE	TRUE	FALSE
rs9976767_gwas	chr21	43836389	43836390	TRUE	FALSE	FALSE
rs9981624_ldlink	chr21	43825721	43825722	TRUE	FALSE	FALSE
rs9984108_ldlink	chr21	43825627	43825628	TRUE	FALSE	FALSE
