SNP	SNP_Chromosome	SNP_Locus	Gene_Name	Gene_Chromosome	Gene_Start	Gene_End	Tissue	p-value	Adj_p-value	Effect_Size	Cell_Lines	Cell_Lines_HiC_scores	HiC_Contact_Score	GTEx_cis_p_Threshold	cis_SNP-gene_interaction	SNP-gene_Distance	Expression_Level_In_eQTL_Tissue	Max_Expressed_Tissue	Maximum_Expression_Level	Min_Expressed_Tissue	Min_Expression_Level
rs10876864	12	56401085	SUOX	12	56390964	56400425	Adipose_Subcutaneous	1.79E-08	3.02E-08	0.183482	"HMEC, HUVEC, IMR90, KBM7"	"1.67, 3.33, 3.43, 2.40"	10.8286	NA	TRUE	660					
rs61763101	6	35996413	SLC26A8	6	35911291	35992645	Adipose_Subcutaneous	1.34E-26	5.20E-26	1.489747	"HMEC, HUVEC, IMR90, KBM7, NHEK"	"2.67, 4.00, 3.71, 1.60, 4.00"	15.981	NA	TRUE	3768					
rs3761959	1	157669278	FCRL3	1	157644111	157670647	Adipose_Subcutaneous	4.35E-10	8.35E-10	0.812073	"HMEC, HUVEC, IMR90, KBM7, NHEK"	"5.67, 8.00, 7.43, 5.60, 16.00"	42.6952	NA	TRUE	0					
rs1131017	12	56435929	RPS26	12	56435637	56438116	Adipose_Subcutaneous	3.11E-163	1.22E-161	-2.061372	"HMEC, HUVEC, IMR90, KBM7, NHEK"	"2.33, 1.33, 1.71, 1.60, 2.00"	8.981	NA	TRUE	0					
rs313839	19	47221557	PRKD2	19	47177532	47220384	Adipose_Subcutaneous	3.08E-09	5.69E-09	0.173357	"HMEC, HUVEC, IMR90, KBM7, NHEK"	"7.67, 16.00, 11.43, 11.60, 12.00"	58.6952	NA	TRUE	1173					
rs389884	6	31940897	C4A	6	31949801	31970458	Adipose_Subcutaneous	2.29E-26	8.73E-26	-4.89588	"HMEC, IMR90, KBM7"	"0.33, 0.29, 0.40"	1.019	NA	TRUE	8904					
rs2918630	2	25314186	EFR3B	2	25264999	25378243	Adipose_Visceral_Omentum	5.28E-05	6.26E-05	0.270383	"HMEC, HUVEC, IMR90, KBM7, NHEK"	"6.67, 26.67, 26.00, 23.60, 38.00"	120.9333	NA	TRUE	0					
rs1131017	12	56435929	RPS26	12	56435637	56438116	Adipose_Visceral_Omentum	4.69E-124	1.01E-122	-2.062779	"HMEC, HUVEC, IMR90, KBM7, NHEK"	"2.33, 1.33, 1.71, 1.60, 2.00"	8.981	NA	TRUE	0					
rs2210913	1	157668993	FCRL3	1	157644111	157670647	Adipose_Visceral_Omentum	2.43E-07	3.63E-07	0.847515	"HMEC, HUVEC, IMR90, KBM7, NHEK"	"3.67, 6.67, 6.29, 5.60, 10.00"	32.219	NA	TRUE	0					
rs147404416	6	36002540	SLC26A8	6	35911291	35992645	Adipose_Visceral_Omentum	1.24E-12	2.81E-12	1.26682	"HMEC, HUVEC, IMR90, KBM7, NHEK"	"1.67, 7.33, 5.14, 2.40, 4.00"	20.5429	NA	TRUE	9895					
rs62034350	16	28562256	SH2B1	16	28857921	28885526	Adipose_Visceral_Omentum	6.73E-09	1.17E-08	-0.127389	"IMR90, KBM7"	"0.29, 0.40"	0.6857	NA	TRUE	295665					
rs839652	2	25334340	EFR3B	2	25264999	25378243	Adrenal_Gland	1.60E-07	2.45E-07	-0.835822	"HMEC, HUVEC, IMR90, KBM7, NHEK"	"8.00, 13.33, 16.86, 6.80, 6.00"	50.9905	NA	TRUE	0					
rs16884694	6	36063162	SLC26A8	6	35911291	35992645	Adrenal_Gland	8.14E-16	2.21E-15	1.861574	"HMEC, HUVEC, IMR90, KBM7, NHEK"	"4.33, 8.00, 6.29, 5.20, 8.00"	31.819	NA	TRUE	70517					
rs1131017	12	56435929	RPS26	12	56435637	56438116	Adrenal_Gland	6.02E-53	4.59E-52	-1.495864	"HMEC, HUVEC, IMR90, KBM7, NHEK"	"2.33, 1.33, 1.71, 1.60, 2.00"	8.981	NA	TRUE	0					
rs2847280	18	12779342	RP11-973H7.1	18	12774650	12775922	Adrenal_Gland	7.24E-09	1.25E-08	-1.779181	"IMR90, KBM7"	"0.57, 0.40"	0.9714	NA	TRUE	3420					
rs142216833	1	78848779	DNAJB4	1	78444859	78483648	Adrenal_Gland	0.00224909	0.002278048	-0.698873	"IMR90, KBM7"	"0.29, 0.40"	0.6857	NA	TRUE	365131					
rs2289702	15	79237293	CTSH	15	79213400	79241916	Adrenal_Gland	4.57E-12	9.99E-12	-1.181778	"HMEC, HUVEC, IMR90, KBM7, NHEK"	"5.67, 6.67, 6.86, 8.40, 8.00"	35.5905	NA	TRUE	0					
rs2542148	18	12777573	RP11-973H7.1	18	12774650	12775922	Artery_Aorta	5.86E-21	1.97E-20	-2.147863	"HMEC, HUVEC, KBM7, NHEK"	"0.33, 0.67, 0.40, 2.00"	3.4	NA	TRUE	1651					
rs34843303	15	79234470	CTSH	15	79213400	79241916	Artery_Aorta	6.56E-20	2.06E-19	-1.274345	"HMEC, HUVEC, IMR90, KBM7, NHEK"	"3.67, 6.67, 4.57, 8.00, 4.00"	26.9048	NA	TRUE	0					
rs12446550	16	28543381	SULT1A2	16	28603264	28608430	Artery_Aorta	1.43E-18	4.30E-18	1.211234	"HMEC, KBM7"	"0.33, 0.40"	0.7333	NA	TRUE	59883					
rs1794528	6	32672439	HLA-DRA	6	32407619	32412823	Artery_Aorta	0.00025666	0.000285716	0.47645	IMR90	0.57	0.5714	NA	TRUE	259616					
rs1131017	12	56435929	RPS26	12	56435637	56438116	Artery_Aorta	7.66E-107	1.21E-105	-1.859585	"HMEC, HUVEC, IMR90, KBM7, NHEK"	"2.33, 1.33, 1.71, 1.60, 2.00"	8.981	NA	TRUE	0					
rs1131017	12	56435929	SUOX	12	56390964	56400425	Artery_Aorta	3.36E-18	9.78E-18	0.228682	"HMEC, HUVEC, IMR90"	"0.67, 2.00, 1.71"	4.381	NA	TRUE	35504					
rs2857595	6	31568469	MSH5	6	31707725	31730575	Artery_Aorta	3.38E-06	4.43E-06	-0.206861	"HUVEC, IMR90, KBM7"	"0.67, 0.57, 0.80"	2.0381	NA	TRUE	139256					
rs9911533	17	38775476	SMARCE1	17	38781214	38804760	Artery_Coronary	2.92E-10	5.75E-10	-0.162311	"HMEC, HUVEC, IMR90, KBM7, NHEK"	"2.33, 3.33, 5.14, 2.00, 10.00"	22.8095	NA	TRUE	5738					
rs1131017	12	56435929	RPS26	12	56435637	56438116	Artery_Coronary	2.81E-56	2.29E-55	-1.91766	"HMEC, HUVEC, IMR90, KBM7, NHEK"	"2.33, 1.33, 1.71, 1.60, 2.00"	8.981	NA	TRUE	0					
rs402072	19	47219122	PRKD2	19	47177532	47220384	Artery_Coronary	4.11E-08	6.69E-08	0.393649	"HMEC, HUVEC, IMR90, KBM7, NHEK"	"7.00, 15.33, 10.86, 10.40, 8.00"	51.5905	NA	TRUE	0					
rs16884628	6	36057968	SLC26A8	6	35911291	35992645	Artery_Coronary	3.33E-07	4.89E-07	1.31951	"HMEC, HUVEC, IMR90, KBM7, NHEK"	"2.67, 7.33, 6.86, 2.80, 2.00"	21.6571	NA	TRUE	65323					
rs2289702	15	79237293	CTSH	15	79213400	79241916	Artery_Coronary	1.69E-12	3.76E-12	-1.263415	"HMEC, HUVEC, IMR90, KBM7, NHEK"	"5.67, 6.67, 6.86, 8.40, 8.00"	35.5905	NA	TRUE	0					
rs11564236	12	40828306	SLC2A13	12	40148823	40499891	Artery_Tibial	0.000338197	0.000374716	0.432239	"HMEC, HUVEC, IMR90, KBM7"	"1.67, 2.00, 2.00, 2.40"	8.0667	NA	TRUE	328415					
rs4897182	6	126755642	CENPW	6	126661320	126670021	Artery_Tibial	2.33E-05	2.89E-05	-0.208567	"HMEC, IMR90"	"0.33, 0.29"	0.619	NA	TRUE	85621					
rs7237497	18	12777325	RP11-973H7.1	18	12774650	12775922	Artery_Tibial	2.14E-33	1.05E-32	-2.6985	"HMEC, HUVEC, KBM7, NHEK"	"0.33, 0.67, 0.40, 2.00"	3.4	NA	TRUE	1403					
rs376732583	6	36010692	SLC26A8	6	35911291	35992645	Artery_Tibial	8.59E-15	2.20E-14	1.361237	"HMEC, HUVEC, IMR90, KBM7, NHEK"	"3.67, 4.00, 6.57, 4.40, 2.00"	20.6381	NA	TRUE	18047					
rs1131017	12	56435929	RPS26	12	56435637	56438116	Artery_Tibial	1.57E-178	1.24E-176	-2.014936	"HMEC, HUVEC, IMR90, KBM7, NHEK"	"2.33, 1.33, 1.71, 1.60, 2.00"	8.981	NA	TRUE	0					
rs2289702	15	79237293	CTSH	15	79213400	79241916	Artery_Tibial	3.95E-27	1.55E-26	-1.118758	"HMEC, HUVEC, IMR90, KBM7, NHEK"	"5.67, 6.67, 6.86, 8.40, 8.00"	35.5905	NA	TRUE	0					
rs113208333	16	28606160	SULT1A2	16	28603264	28608430	Brain_Amygdala	2.39E-09	4.44E-09	1.216803	"HMEC, HUVEC, IMR90, KBM7"	"2.33, 3.33, 3.43, 2.80"	11.8952	NA	TRUE	0					
rs1131017	12	56435929	RPS26	12	56435637	56438116	Brain_Amygdala	1.99E-29	9.03E-29	-1.719804	"HMEC, HUVEC, IMR90, KBM7, NHEK"	"2.33, 1.33, 1.71, 1.60, 2.00"	8.981	NA	TRUE	0					
rs1131017	12	56435929	SUOX	12	56390964	56400425	Brain_Amygdala	5.66E-07	7.95E-07	0.290027	"HMEC, HUVEC, IMR90"	"0.67, 2.00, 1.71"	4.381	NA	TRUE	35504					
rs1264352	6	30789647	ATAT1	6	30594619	30614600	Brain_Amygdala	3.03E-05	3.69E-05	0.203645	"HMEC, IMR90"	"0.33, 0.86"	1.1905	NA	TRUE	175047					
rs11708955	3	49540114	APEH	3	49711435	49721379	Brain_Amygdala	0.00145525	0.001493213	0.094129	"HUVEC, IMR90, KBM7"	"0.67, 0.29, 0.40"	1.3524	NA	TRUE	171321					
rs1131017	12	56435929	RPS26	12	56435637	56438116	Brain_Anterior_cingulate_cortex_BA24	4.67E-32	2.25E-31	-1.400943	"HMEC, HUVEC, IMR90, KBM7, NHEK"	"2.33, 1.33, 1.71, 1.60, 2.00"	8.981	NA	TRUE	0					
rs1131017	12	56435929	SUOX	12	56390964	56400425	Brain_Anterior_cingulate_cortex_BA24	3.49E-07	5.08E-07	0.233455	"HMEC, HUVEC, IMR90"	"0.67, 2.00, 1.71"	4.381	NA	TRUE	35504					
rs4890117	17	38778488	SMARCE1	17	38781214	38804760	Brain_Anterior_cingulate_cortex_BA24	0.000394336	0.000434875	-0.078617	"HMEC, HUVEC, IMR90, KBM7"	"3.00, 2.67, 5.14, 3.60"	14.4095	NA	TRUE	2726					
rs10876864	12	56401085	SUOX	12	56390964	56400425	Brain_Caudate_basal_ganglia	4.67E-10	8.89E-10	0.217359	"HMEC, HUVEC, IMR90, KBM7"	"1.67, 3.33, 3.43, 2.40"	10.8286	NA	TRUE	660					
rs5753025	22	30542157	CTA-85E5.10	22	30404731	30476162	Brain_Caudate_basal_ganglia	4.79E-05	5.74E-05	0.362022	"HMEC, HUVEC, IMR90, KBM7"	"0.33, 2.67, 0.29, 1.20"	4.4857	NA	TRUE	65995					
rs679574	19	49206108	FUT2	19	49199228	49209207	Brain_Caudate_basal_ganglia	1.73E-09	3.27E-09	0.523027	"HMEC, HUVEC, IMR90, KBM7, NHEK"	"4.33, 10.67, 7.14, 4.40, 6.00"	32.5429	NA	TRUE	0					
rs62034322	16	28535834	CCDC101	16	28565247	28603111	Brain_Caudate_basal_ganglia	0.00213058	0.002167314	-0.164597	"HMEC, IMR90"	"0.33, 0.86"	1.1905	NA	TRUE	29413					
rs1131017	12	56435929	RPS26	12	56435637	56438116	Brain_Caudate_basal_ganglia	3.36E-50	2.34E-49	-1.631662	"HMEC, HUVEC, IMR90, KBM7, NHEK"	"2.33, 1.33, 1.71, 1.60, 2.00"	8.981	NA	TRUE	0					
rs10876864	12	56401085	SUOX	12	56390964	56400425	Brain_Cerebellar_Hemisphere	3.26E-10	6.36E-10	0.306989	"HMEC, HUVEC, IMR90, KBM7"	"1.67, 3.33, 3.43, 2.40"	10.8286	NA	TRUE	660					
rs679574	19	49206108	NTN5	19	49164664	49176338	Brain_Cerebellar_Hemisphere	4.75E-07	6.84E-07	0.522716	"HMEC, HUVEC, IMR90, KBM7"	"0.67, 3.33, 0.86, 2.40"	7.2571	NA	TRUE	29770					
rs1131017	12	56435929	RPS26	12	56435637	56438116	Brain_Cerebellar_Hemisphere	1.33E-52	9.85E-52	-1.738786	"HMEC, HUVEC, IMR90, KBM7, NHEK"	"2.33, 1.33, 1.71, 1.60, 2.00"	8.981	NA	TRUE	0					
rs886423	6	30782205	MUC21	6	30951495	30957680	Brain_Cerebellar_Hemisphere	0.00339712	0.003426155	-1.762354	"IMR90, NHEK"	"0.57, 2.00"	2.5714	NA	TRUE	169290					
rs1131017	12	56435929	RPS26	12	56435637	56438116	Brain_Cerebellum	9.11E-65	8.27E-64	-1.804403	"HMEC, HUVEC, IMR90, KBM7, NHEK"	"2.33, 1.33, 1.71, 1.60, 2.00"	8.981	NA	TRUE	0					
rs12333525	7	26847762	SKAP2	7	26706681	27034858	Brain_Cerebellum	1.41E-07	2.19E-07	-0.647786	"HMEC, HUVEC, IMR90, KBM7, NHEK"	"9.67, 16.67, 13.14, 21.20, 38.00"	98.6762	NA	TRUE	0					
rs4149398	16	28608938	SULT1A2	16	28603264	28608430	Brain_Cerebellum	4.93E-07	7.05E-07	0.727169	"HMEC, IMR90, KBM7"	"0.33, 0.29, 0.40"	1.019	NA	TRUE	508					
rs2728723	X	153948687	F8	X	154064063	154251028	Brain_Cortex	4.99E-06	6.50E-06	0.096878	"HMEC, HUVEC, IMR90, KBM7, NHEK"	"1.33, 2.00, 3.14, 8.00, 2.00"	16.4762	NA	TRUE	115376					
rs1131017	12	56435929	RPS26	12	56435637	56438116	Brain_Cortex	8.88E-49	5.99E-48	-1.439517	"HMEC, HUVEC, IMR90, KBM7, NHEK"	"2.33, 1.33, 1.71, 1.60, 2.00"	8.981	NA	TRUE	0					
rs1131017	12	56435929	RPS26	12	56435637	56438116	Brain_Frontal_Cortex_BA9	8.33E-44	5.17E-43	-1.401254	"HMEC, HUVEC, IMR90, KBM7, NHEK"	"2.33, 1.33, 1.71, 1.60, 2.00"	8.981	NA	TRUE	0					
rs10876864	12	56401085	SUOX	12	56390964	56400425	Brain_Hippocampus	3.42E-09	6.21E-09	0.267491	"HMEC, HUVEC, IMR90, KBM7"	"1.67, 3.33, 3.43, 2.40"	10.8286	NA	TRUE	660					
rs679574	19	49206108	MAMSTR	19	49215999	49222978	Brain_Hippocampus	3.00E-05	3.68E-05	0.492847	"HMEC, HUVEC, IMR90, KBM7"	"2.00, 2.67, 4.86, 2.00"	11.5238	NA	TRUE	9891					
rs1131017	12	56435929	RPS26	12	56435637	56438116	Brain_Hippocampus	1.44E-37	7.56E-37	-1.802352	"HMEC, HUVEC, IMR90, KBM7, NHEK"	"2.33, 1.33, 1.71, 1.60, 2.00"	8.981	NA	TRUE	0					
rs9858418	3	49543288	DAG1	3	49506146	49573048	Brain_Hypothalamus	0.000950267	0.000992314	0.137817	"HMEC, HUVEC, IMR90, KBM7, NHEK"	"5.00, 9.33, 13.43, 8.80, 10.00"	46.5619	NA	TRUE	0					
rs9858418	3	49543288	NICN1	3	49460959	49466759	Brain_Hypothalamus	0.0014757	0.001507642	0.107162	"HUVEC, IMR90"	"0.67, 0.57"	1.2381	NA	TRUE	76529					
rs1131017	12	56435929	RPS26	12	56435637	56438116	Brain_Hypothalamus	1.30E-36	6.69E-36	-1.611503	"HMEC, HUVEC, IMR90, KBM7, NHEK"	"2.33, 1.33, 1.71, 1.60, 2.00"	8.981	NA	TRUE	0					
rs1131017	12	56435929	SUOX	12	56390964	56400425	Brain_Hypothalamus	5.74E-08	9.22E-08	0.269401	"HMEC, HUVEC, IMR90"	"0.67, 2.00, 1.71"	4.381	NA	TRUE	35504					
rs1130457	6	32627367	HLA-DQB1-AS1	6	32628132	32628506	Brain_Hypothalamus	1.83E-09	3.43E-09	-2.28868	"HMEC, HUVEC, KBM7"	"0.33, 0.67, 0.40"	1.4	NA	TRUE	765					
rs10876864	12	56401085	SUOX	12	56390964	56400425	Brain_Nucleus_accumbens_basal_ganglia	4.50E-07	6.52E-07	0.228768	"HMEC, HUVEC, IMR90, KBM7"	"1.67, 3.33, 3.43, 2.40"	10.8286	NA	TRUE	660					
rs2847274	18	12777603	RP11-973H7.1	18	12774650	12775922	Brain_Nucleus_accumbens_basal_ganglia	2.48E-07	3.69E-07	-2.01658	"HMEC, HUVEC, KBM7, NHEK"	"0.33, 0.67, 0.40, 2.00"	3.4	NA	TRUE	1681					
rs1131017	12	56435929	RPS26	12	56435637	56438116	Brain_Nucleus_accumbens_basal_ganglia	1.98E-51	1.41E-50	-1.756021	"HMEC, HUVEC, IMR90, KBM7, NHEK"	"2.33, 1.33, 1.71, 1.60, 2.00"	8.981	NA	TRUE	0					
rs546217	2	25311537	POMC	2	25383722	25391772	Brain_Putamen_basal_ganglia	3.01E-05	3.68E-05	0.965389	"HUVEC, IMR90, KBM7, NHEK"	"1.33, 1.43, 0.80, 2.00"	5.5619	NA	TRUE	72185					
rs281377	19	49206603	MAMSTR	19	49215999	49222978	Brain_Putamen_basal_ganglia	5.32E-06	6.90E-06	-0.45134	"HMEC, IMR90"	"0.33, 0.86"	1.1905	NA	TRUE	9396					
rs3842748	11	2181395	IGF2-AS	11	2161731	2169894	Brain_Putamen_basal_ganglia	9.41E-07	1.30E-06	-1.227989	"HMEC, HUVEC, IMR90, KBM7, NHEK"	"0.33, 0.67, 1.43, 2.40, 4.00"	8.8286	NA	TRUE	11501					
rs679574	19	49206108	NTN5	19	49164664	49176338	Brain_Putamen_basal_ganglia	0.000225689	0.000252429	0.409433	"HMEC, HUVEC, IMR90, KBM7"	"0.67, 3.33, 0.86, 2.40"	7.2571	NA	TRUE	29770					
rs1131017	12	56435929	RPS26	12	56435637	56438116	Brain_Putamen_basal_ganglia	5.28E-41	3.04E-40	-1.722484	"HMEC, HUVEC, IMR90, KBM7, NHEK"	"2.33, 1.33, 1.71, 1.60, 2.00"	8.981	NA	TRUE	0					
rs1131017	12	56435929	RPS26	12	56435637	56438116	Brain_Spinal_cord_cervical_c-1	1.60E-28	6.88E-28	-2.030278	"HMEC, HUVEC, IMR90, KBM7, NHEK"	"2.33, 1.33, 1.71, 1.60, 2.00"	8.981	NA	TRUE	0					
rs1131017	12	56435929	RPS26	12	56435637	56438116	Brain_Substantia_nigra	4.14E-22	1.42E-21	-1.588057	"HMEC, HUVEC, IMR90, KBM7, NHEK"	"2.33, 1.33, 1.71, 1.60, 2.00"	8.981	NA	TRUE	0					
rs12043133	1	200741713	CSRP1	1	201452658	201478584	Breast_Mammary_Tissue	0.00066497	0.000713331	0.102992	"HMEC, HUVEC"	"0.33, 1.33"	1.6667	NA	TRUE	710945					
rs12556398	X	135680970	MAP7D3	X	135295381	135338641	Breast_Mammary_Tissue	0.00427134	0.004289516	-0.083515	"IMR90, KBM7"	"0.57, 0.40"	0.9714	NA	TRUE	342329					
rs1131017	12	56435929	RPS26	12	56435637	56438116	Breast_Mammary_Tissue	1.46E-100	1.91E-99	-2.325077	"HMEC, HUVEC, IMR90, KBM7, NHEK"	"2.33, 1.33, 1.71, 1.60, 2.00"	8.981	NA	TRUE	0					
rs7752459	6	36084672	MAPK14	6	35995488	36079013	Breast_Mammary_Tissue	9.79E-05	0.000112192	-0.165884	"HMEC, HUVEC, IMR90, KBM7, NHEK"	"8.67, 19.33, 16.86, 14.40, 18.00"	77.2571	NA	TRUE	5659					
rs61195139	6	36046226	SLC26A8	6	35911291	35992645	Breast_Mammary_Tissue	1.92E-17	5.47E-17	1.293655	"HMEC, HUVEC, IMR90, KBM7, NHEK"	"1.00, 4.00, 4.57, 4.00, 4.00"	17.5714	NA	TRUE	53581					
rs10876864	12	56401085	RPS26	12	56435637	56438116	Cells_EBV-transformed_lymphocytes	6.47E-43	3.82E-42	-2.012215	"HUVEC, IMR90, KBM7, NHEK"	"0.67, 0.57, 0.40, 2.00"	3.6381	NA	TRUE	34552					
rs11102694	1	114426001	AP4B1-AS1	1	114399257	114443857	Cells_EBV-transformed_lymphocytes	0.000589973	0.00063577	-0.370062	"HMEC, HUVEC, IMR90, KBM7, NHEK"	"4.00, 6.67, 6.86, 6.00, 6.00"	29.5238	NA	TRUE	0					
rs72727394	15	38847022	RASGRP1	15	38780304	38857776	Cells_EBV-transformed_lymphocytes	8.09E-07	1.12E-06	1.040091	"HMEC, HUVEC, IMR90, KBM7, NHEK"	"9.00, 19.33, 21.71, 13.20, 28.00"	91.2476	NA	TRUE	0					
rs11552449	1	114448389	AP4B1-AS1	1	114399257	114443857	Cells_Transformed_fibroblasts	2.40E-11	4.97E-11	-0.616447	"HMEC, HUVEC, IMR90, KBM7, NHEK"	"1.67, 8.00, 6.29, 6.40, 2.00"	24.3524	NA	TRUE	4532					
rs679574	19	49206108	FUT2	19	49199228	49209207	Cells_Transformed_fibroblasts	9.73E-07	1.34E-06	-0.342786	"HMEC, HUVEC, IMR90, KBM7, NHEK"	"4.33, 10.67, 7.14, 4.40, 6.00"	32.5429	NA	TRUE	0					
rs56249713	18	67533332	CD226	18	67498394	67629039	Cells_Transformed_fibroblasts	0.000549221	0.000597309	0.373297	"HMEC, HUVEC, IMR90, KBM7, NHEK"	"6.33, 10.00, 14.86, 11.60, 14.00"	56.7905	NA	TRUE	0					
rs1131017	12	56435929	RPS26	12	56435637	56438116	Cells_Transformed_fibroblasts	4.85E-99	6.02E-98	-1.699786	"HMEC, HUVEC, IMR90, KBM7, NHEK"	"2.33, 1.33, 1.71, 1.60, 2.00"	8.981	NA	TRUE	0					
rs113885326	6	36013511	SLC26A8	6	35911291	35992645	Cells_Transformed_fibroblasts	2.51E-08	4.14E-08	1.198276	"HMEC, IMR90"	"0.33, 0.86"	1.1905	NA	TRUE	20866					
rs7771484	6	36062991	SLC26A8	6	35911291	35992645	Colon_Sigmoid	2.25E-06	3.00E-06	1.21176	"HMEC, HUVEC, IMR90, KBM7, NHEK"	"4.33, 8.00, 6.29, 5.20, 8.00"	31.819	NA	TRUE	70346					
rs1131017	12	56435929	RPS26	12	56435637	56438116	Colon_Sigmoid	3.79E-89	3.89E-88	-2.188386	"HMEC, HUVEC, IMR90, KBM7, NHEK"	"2.33, 1.33, 1.71, 1.60, 2.00"	8.981	NA	TRUE	0					
rs1131017	12	56435929	SUOX	12	56390964	56400425	Colon_Sigmoid	1.04E-12	2.38E-12	0.255646	"HMEC, HUVEC, IMR90"	"0.67, 2.00, 1.71"	4.381	NA	TRUE	35504					
rs313839	19	47221557	PRKD2	19	47177532	47220384	Colon_Sigmoid	5.20E-09	9.29E-09	0.287435	"HMEC, HUVEC, IMR90, KBM7, NHEK"	"7.67, 16.00, 11.43, 11.60, 12.00"	58.6952	NA	TRUE	1173					
rs2847293	18	12782448	RP11-973H7.1	18	12774650	12775922	Colon_Sigmoid	4.48E-15	1.19E-14	-2.092575	"HMEC, IMR90, KBM7, NHEK"	"0.33, 0.57, 0.80, 2.00"	3.7048	NA	TRUE	6526					
rs2542148	18	12777573	RP11-973H7.1	18	12774650	12775922	Colon_Transverse	1.09E-19	3.39E-19	-2.075046	"HMEC, HUVEC, KBM7, NHEK"	"0.33, 0.67, 0.40, 2.00"	3.4	NA	TRUE	1651					
rs7745082	6	36065622	SLC26A8	6	35911291	35992645	Colon_Transverse	7.95E-12	1.69E-11	1.049439	"HMEC, HUVEC, IMR90, KBM7, NHEK"	"5.67, 5.33, 8.57, 10.00, 2.00"	31.5714	NA	TRUE	72977					
rs1131017	12	56435929	RPS26	12	56435637	56438116	Colon_Transverse	1.20E-114	2.17E-113	-1.804592	"HMEC, HUVEC, IMR90, KBM7, NHEK"	"2.33, 1.33, 1.71, 1.60, 2.00"	8.981	NA	TRUE	0					
rs402072	19	47219122	PRKD2	19	47177532	47220384	Colon_Transverse	7.49E-08	1.19E-07	0.2032	"HMEC, HUVEC, IMR90, KBM7, NHEK"	"7.00, 15.33, 10.86, 10.40, 8.00"	51.5905	NA	TRUE	0					
rs10876870	12	56478002	SUOX	12	56390964	56400425	Colon_Transverse	1.41E-14	3.58E-14	0.253994	"HMEC, HUVEC, IMR90, KBM7"	"0.33, 2.00, 1.14, 0.80"	4.2762	NA	TRUE	77577					
rs2289702	15	79237293	CTSH	15	79213400	79241916	Colon_Transverse	3.99E-12	8.81E-12	-0.804893	"HMEC, HUVEC, IMR90, KBM7, NHEK"	"5.67, 6.67, 6.86, 8.40, 8.00"	35.5905	NA	TRUE	0					
rs1131017	12	56435929	RPS26	12	56435637	56438116	Esophagus_Gastroesophageal_Junction	1.68E-89	1.80E-88	-2.183067	"HMEC, HUVEC, IMR90, KBM7, NHEK"	"2.33, 1.33, 1.71, 1.60, 2.00"	8.981	NA	TRUE	0					
rs58583792	6	36000702	SLC26A8	6	35911291	35992645	Esophagus_Gastroesophageal_Junction	5.06E-07	7.19E-07	1.410161	"HMEC, HUVEC, IMR90, KBM7, NHEK"	"3.00, 4.67, 5.43, 6.40, 4.00"	23.4952	NA	TRUE	8057					
rs4890117	17	38778488	SMARCE1	17	38781214	38804760	Esophagus_Gastroesophageal_Junction	7.64E-16	2.10E-15	-0.145335	"HMEC, HUVEC, IMR90, KBM7"	"3.00, 2.67, 5.14, 3.60"	14.4095	NA	TRUE	2726					
rs2847293	18	12782448	RP11-973H7.1	18	12774650	12775922	Esophagus_Gastroesophageal_Junction	3.72E-19	1.14E-18	-2.234626	"HMEC, IMR90, KBM7, NHEK"	"0.33, 0.57, 0.80, 2.00"	3.7048	NA	TRUE	6526					
rs61195139	6	36046226	MAPK13	6	36095586	36107842	Esophagus_Gastroesophageal_Junction	3.12E-08	5.12E-08	0.733762	"IMR90, KBM7"	"1.14, 0.80"	1.9429	NA	TRUE	49360					
rs56380902	17	38066372	ORMDL3	17	38077294	38083854	Esophagus_Mucosa	5.49E-13	1.28E-12	-0.123337	"HUVEC, IMR90"	"2.00, 2.29"	4.2857	NA	TRUE	10922					
rs2847274	18	12777603	RP11-973H7.1	18	12774650	12775922	Esophagus_Mucosa	7.77E-13	1.80E-12	-1.699122	"HMEC, HUVEC, KBM7, NHEK"	"0.33, 0.67, 0.40, 2.00"	3.4	NA	TRUE	1681					
rs679574	19	49206108	FUT2	19	49199228	49209207	Esophagus_Mucosa	1.38E-102	2.03E-101	-1.269847	"HMEC, HUVEC, IMR90, KBM7, NHEK"	"4.33, 10.67, 7.14, 4.40, 6.00"	32.5429	NA	TRUE	0					
rs1131017	12	56435929	RPS26	12	56435637	56438116	Esophagus_Mucosa	1.76E-154	5.20E-153	-1.6248	"HMEC, HUVEC, IMR90, KBM7, NHEK"	"2.33, 1.33, 1.71, 1.60, 2.00"	8.981	NA	TRUE	0					
rs112202188	6	36042948	SLC26A8	6	35911291	35992645	Esophagus_Mucosa	5.42E-07	7.65E-07	1.06578	"HMEC, HUVEC, IMR90, KBM7, NHEK"	"0.67, 1.33, 3.43, 3.20, 2.00"	10.6286	NA	TRUE	50303					
rs389884	6	31940897	C4A	6	31949801	31970458	Esophagus_Mucosa	2.99E-23	1.05E-22	-4.837439	"HMEC, IMR90, KBM7"	"0.33, 0.29, 0.40"	1.019	NA	TRUE	8904					
rs16883860	6	36002462	SLC26A8	6	35911291	35992645	Esophagus_Muscularis	4.27E-10	8.27E-10	1.323122	"HMEC, HUVEC, IMR90, KBM7, NHEK"	"1.67, 7.33, 5.14, 2.40, 4.00"	20.5429	NA	TRUE	9817					
rs60652743	19	47205707	PRKD2	19	47177532	47220384	Esophagus_Muscularis	5.35E-15	1.40E-14	0.249093	"HMEC, HUVEC, IMR90, KBM7, NHEK"	"7.33, 18.00, 14.57, 9.20, 14.00"	63.1048	NA	TRUE	0					
rs7237497	18	12777325	RP11-973H7.1	18	12774650	12775922	Esophagus_Muscularis	1.52E-28	6.63E-28	-2.210283	"HMEC, HUVEC, KBM7, NHEK"	"0.33, 0.67, 0.40, 2.00"	3.4	NA	TRUE	1403					
rs1131017	12	56435929	RPS26	12	56435637	56438116	Esophagus_Muscularis	1.97E-166	9.28E-165	-2.117464	"HMEC, HUVEC, IMR90, KBM7, NHEK"	"2.33, 1.33, 1.71, 1.60, 2.00"	8.981	NA	TRUE	0					
rs139082274	6	126666824	RP11-527F13.1	6	126498339	126523385	Esophagus_Muscularis	0.00067308	0.000718764	0.379453	"HMEC, HUVEC, IMR90, KBM7, NHEK"	"1.33, 2.67, 0.29, 0.80, 2.00"	7.0857	NA	TRUE	143439					
rs4934390	10	90041834	RNLS	10	90033621	90344287	Heart_Atrial_Appendage	0.000189321	0.000212761	-0.108192	"HMEC, HUVEC, IMR90, KBM7, NHEK"	"13.00, 26.67, 31.43, 16.80, 36.00"	123.8952	NA	TRUE	0					
rs10876864	12	56401085	SUOX	12	56390964	56400425	Heart_Atrial_Appendage	1.34E-12	3.00E-12	0.220144	"HMEC, HUVEC, IMR90, KBM7"	"1.67, 3.33, 3.43, 2.40"	10.8286	NA	TRUE	660					
rs1790961	18	67525286	CD226	18	67498394	67629039	Heart_Atrial_Appendage	2.53E-06	3.34E-06	0.455577	"HMEC, HUVEC, IMR90, KBM7, NHEK"	"7.00, 11.33, 11.71, 6.40, 14.00"	50.4476	NA	TRUE	0					
rs1131017	12	56435929	RPS26	12	56435637	56438116	Heart_Atrial_Appendage	1.33E-115	2.61E-114	-1.470375	"HMEC, HUVEC, IMR90, KBM7, NHEK"	"2.33, 1.33, 1.71, 1.60, 2.00"	8.981	NA	TRUE	0					
rs147404416	6	36002540	SLC26A8	6	35911291	35992645	Heart_Atrial_Appendage	1.13E-07	1.78E-07	1.255532	"HMEC, HUVEC, IMR90, KBM7, NHEK"	"1.67, 7.33, 5.14, 2.40, 4.00"	20.5429	NA	TRUE	9895					
rs492393	2	25315511	EFR3B	2	25264999	25378243	Heart_Atrial_Appendage	1.72E-07	2.62E-07	0.313418	"HMEC, HUVEC, IMR90, KBM7, NHEK"	"4.33, 14.00, 18.29, 8.80, 18.00"	63.419	NA	TRUE	0					
rs2289702	15	79237293	CTSH	15	79213400	79241916	Heart_Atrial_Appendage	2.15E-22	7.48E-22	-1.293172	"HMEC, HUVEC, IMR90, KBM7, NHEK"	"5.67, 6.67, 6.86, 8.40, 8.00"	35.5905	NA	TRUE	0					
rs34843303	15	79234470	CTSH	15	79213400	79241916	Heart_Left_Ventricle	3.30E-18	9.74E-18	-0.97812	"HMEC, HUVEC, IMR90, KBM7, NHEK"	"3.67, 6.67, 4.57, 8.00, 4.00"	26.9048	NA	TRUE	0					
rs12448429	16	28588443	SULT1A2	16	28603264	28608430	Heart_Left_Ventricle	8.69E-29	3.87E-28	1.493666	"HMEC, HUVEC, IMR90, KBM7"	"0.33, 1.33, 1.71, 0.80"	4.181	NA	TRUE	14821					
rs1131017	12	56435929	RPS26	12	56435637	56438116	Heart_Left_Ventricle	9.34E-90	1.05E-88	-1.061025	"HMEC, HUVEC, IMR90, KBM7, NHEK"	"2.33, 1.33, 1.71, 1.60, 2.00"	8.981	NA	TRUE	0					
rs2542148	18	12777573	RP11-973H7.1	18	12774650	12775922	Liver	5.58E-08	9.01E-08	-1.930023	"HMEC, HUVEC, KBM7, NHEK"	"0.33, 0.67, 0.40, 2.00"	3.4	NA	TRUE	1651	0.1202	gene_id	S	Brain - Spinal cord (cervical c-1)	0.02205
rs3134942	6	32168771	ABHD16A	6	31654726	31671221	Liver	7.68E-05	8.89E-05	-0.166666	"IMR90, KBM7"	"0.57, 1.20"	1.7714	NA	TRUE	497550	23.87	gene_id	S	Heart - Left Ventricle	12.9
rs11464691	17	38770640	SMARCE1	17	38781214	38804760	Liver	0.0012511	0.001293785	-0.109513	"HMEC, HUVEC, IMR90, KBM7, NHEK"	"2.00, 1.33, 4.86, 3.20, 4.00"	15.3905	NA	TRUE	10574	8.815	gene_id	S	Whole Blood	7.448
rs11072818	15	79236933	CTSH	15	79213400	79241916	Liver	1.22E-11	2.56E-11	0.509311	"HMEC, HUVEC, IMR90, KBM7, NHEK"	"5.67, 6.67, 6.86, 8.40, 8.00"	35.5905	NA	TRUE	0	28.45	gene_id	S	Cells - Transformed fibroblasts	3.965
rs1131017	12	56435929	RPS26	12	56435637	56438116	Liver	4.69E-47	3.07E-46	-1.19567	"HMEC, HUVEC, IMR90, KBM7, NHEK"	"2.33, 1.33, 1.71, 1.60, 2.00"	8.981	NA	TRUE	0	241.7	gene_id	S	Brain - Hippocampus	132.3
rs3741499	12	56474379	SLC39A5	12	56623833	56631590	Liver	6.68E-05	7.84E-05	-0.398198	"HUVEC, KBM7"	"0.67, 1.20"	1.8667	NA	TRUE	149454	106.5	gene_id	S	Heart - Left Ventricle	0.08013
rs62034318	16	28527221	IL27	16	28510683	28523372	Liver	1.62E-27	6.72E-27	1.400211	"HMEC, HUVEC, IMR90, KBM7, NHEK"	"1.67, 0.67, 1.43, 0.40, 4.00"	8.1619	NA	TRUE	3849	8.649	gene_id	S	Heart - Left Ventricle	0.01888
rs26528	16	28517709	SH2B1	16	28857921	28885526	Lung	1.03E-07	1.64E-07	-0.069302	"IMR90, KBM7"	"0.29, 1.20"	1.4857	NA	TRUE	340212	31.91	gene_id	S	Whole Blood	12.46
rs3761959	1	157669278	FCRL3	1	157644111	157670647	Lung	1.96E-08	3.27E-08	0.666301	"HMEC, HUVEC, IMR90, KBM7, NHEK"	"5.67, 8.00, 7.43, 5.60, 16.00"	42.6952	NA	TRUE	0	1.256	gene_id	S	Brain - Cerebellar Hemisphere	0.012565
rs1131017	12	56435929	RPS26	12	56435637	56438116	Lung	1.46E-150	3.83E-149	-1.998672	"HMEC, HUVEC, IMR90, KBM7, NHEK"	"2.33, 1.33, 1.71, 1.60, 2.00"	8.981	NA	TRUE	0	402.7	gene_id	S	Brain - Hippocampus	132.3
rs3087243	2	204738919	CTLA4	2	204732509	204738683	Lung	3.66E-05	4.41E-05	0.284421	"HMEC, HUVEC, IMR90, KBM7, NHEK"	"2.33, 1.33, 1.43, 2.00, 8.00"	15.0952	NA	TRUE	236	4.251	gene_id	S	Cells - Transformed fibroblasts	0.03568
rs2289702	15	79237293	CTSH	15	79213400	79241916	Lung	7.21E-21	2.40E-20	-1.093164	"HMEC, HUVEC, IMR90, KBM7, NHEK"	"5.67, 6.67, 6.86, 8.40, 8.00"	35.5905	NA	TRUE	0	219.8	gene_id	S	Cells - Transformed fibroblasts	3.965
rs17467116	12	40806737	LRRK2	12	40590546	40763087	Minor_Salivary_Gland	1.94E-05	2.43E-05	0.888818	"HMEC, HUVEC, IMR90, KBM7, NHEK"	"2.67, 3.33, 3.43, 3.20, 4.00"	16.6286	NA	TRUE	43650					
rs679574	19	49206108	FUT2	19	49199228	49209207	Minor_Salivary_Gland	1.44E-18	4.30E-18	-1.118913	"HMEC, HUVEC, IMR90, KBM7, NHEK"	"4.33, 10.67, 7.14, 4.40, 6.00"	32.5429	NA	TRUE	0					
rs1131017	12	56435929	RPS26	12	56435637	56438116	Minor_Salivary_Gland	1.75E-27	7.11E-27	-2.096531	"HMEC, HUVEC, IMR90, KBM7, NHEK"	"2.33, 1.33, 1.71, 1.60, 2.00"	8.981	NA	TRUE	0					
rs2237096	6	36008002	SLC26A8	6	35911291	35992645	Minor_Salivary_Gland	2.48E-08	4.12E-08	1.108032	"HMEC, HUVEC, IMR90, KBM7"	"1.67, 6.67, 7.14, 4.00"	19.4762	NA	TRUE	15357					
rs2289702	15	79237293	CTSH	15	79213400	79241916	Minor_Salivary_Gland	3.13E-11	6.37E-11	-1.436603	"HMEC, HUVEC, IMR90, KBM7, NHEK"	"5.67, 6.67, 6.86, 8.40, 8.00"	35.5905	NA	TRUE	0					
rs11145763	9	139263596	SDCCAG3	9	139296377	139305061	Muscle_Skeletal	1.24E-05	1.58E-05	0.088922	"HMEC, HUVEC, IMR90, KBM7"	"0.67, 0.67, 0.29, 0.80"	2.419	NA	TRUE	32781					
rs2271194	12	56477694	SUOX	12	56390964	56400425	Muscle_Skeletal	2.15E-07	3.25E-07	0.141977	"HMEC, HUVEC, IMR90, KBM7"	"0.33, 2.00, 1.14, 0.80"	4.2762	NA	TRUE	77269					
rs917911	12	9905851	CLEC2B	12	10005583	10022735	Muscle_Skeletal	1.49E-10	2.98E-10	0.373862	"HMEC, IMR90, KBM7"	"0.33, 0.57, 2.00"	2.9048	NA	TRUE	99732					
rs4890092	17	38786451	KRT10	17	38974369	38978847	Muscle_Skeletal	0.000552528	0.00059815	-0.174801	"HUVEC, IMR90, KBM7"	"0.67, 0.57, 0.40"	1.6381	NA	TRUE	187918					
rs1131017	12	56435929	RPS26	12	56435637	56438116	Muscle_Skeletal	7.74E-185	9.14E-183	-1.128576	"HMEC, HUVEC, IMR90, KBM7, NHEK"	"2.33, 1.33, 1.71, 1.60, 2.00"	8.981	NA	TRUE	0					
rs389884	6	31940897	C4A	6	31949801	31970458	Muscle_Skeletal	2.53E-27	1.01E-26	-4.356441	"HMEC, IMR90, KBM7"	"0.33, 0.29, 0.40"	1.019	NA	TRUE	8904					
rs61763101	6	35996413	SLC26A8	6	35911291	35992645	Nerve_Tibial	2.46E-28	1.03E-27	1.728724	"HMEC, HUVEC, IMR90, KBM7, NHEK"	"2.67, 4.00, 3.71, 1.60, 4.00"	15.981	NA	TRUE	3768					
rs1131017	12	56435929	RPS26	12	56435637	56438116	Nerve_Tibial	2.55E-172	1.50E-170	-2.114924	"HMEC, HUVEC, IMR90, KBM7, NHEK"	"2.33, 1.33, 1.71, 1.60, 2.00"	8.981	NA	TRUE	0					
rs389884	6	31940897	C4A	6	31949801	31970458	Nerve_Tibial	3.92E-30	1.85E-29	-6.643856	"HMEC, IMR90, KBM7"	"0.33, 0.29, 0.40"	1.019	NA	TRUE	8904					
rs2542148	18	12777573	RP11-973H7.1	18	12774650	12775922	Ovary	1.70E-05	2.15E-05	-1.873483	"HMEC, HUVEC, KBM7, NHEK"	"0.33, 0.67, 0.40, 2.00"	3.4	NA	TRUE	1651	0.1299	gene_id	S	Brain - Spinal cord (cervical c-1)	0.02205
rs1131017	12	56435929	RPS26	12	56435637	56438116	Ovary	3.89E-55	3.06E-54	-3.617798	"HMEC, HUVEC, IMR90, KBM7, NHEK"	"2.33, 1.33, 1.71, 1.60, 2.00"	8.981	NA	TRUE	0	981	gene_id	S	Brain - Hippocampus	132.3
rs4787458	16	28531287	SH2B1	16	28857921	28885526	Ovary	1.93E-06	2.59E-06	-0.164084	KBM7	0.8	0.8	NA	TRUE	326634	60.74	gene_id	S	Whole Blood	12.46
rs9878943	3	49434654	DAG1	3	49506146	49573048	Ovary	0.00614679	0.00614679	0.217336	"HMEC, HUVEC, IMR90, KBM7"	"1.67, 0.67, 2.57, 3.20"	8.1048	NA	TRUE	71492	40.75	gene_id	S	Whole Blood	1.432
rs2289702	15	79237293	CTSH	15	79213400	79241916	Ovary	8.98E-05	0.000103414	-0.590635	"HMEC, HUVEC, IMR90, KBM7, NHEK"	"5.67, 6.67, 6.86, 8.40, 8.00"	35.5905	NA	TRUE	0	65.18	gene_id	S	Cells - Transformed fibroblasts	3.965
rs7237497	18	12777325	RP11-973H7.1	18	12774650	12775922	Pancreas	3.76E-13	8.89E-13	-2.347115	"HMEC, HUVEC, KBM7, NHEK"	"0.33, 0.67, 0.40, 2.00"	3.4	NA	TRUE	1403	0.06908	gene_id	S	Brain - Spinal cord (cervical c-1)	0.02205
rs7997101	13	76334818	LMO7	13	76194570	76434004	Pancreas	5.52E-09	9.79E-09	0.255594	"HMEC, HUVEC, IMR90, KBM7, NHEK"	"22.33, 31.33, 40.29, 22.80, 26.00"	142.7524	NA	TRUE	0	5.01	gene_id	S	Whole Blood	0.2831
rs679574	19	49206108	FUT2	19	49199228	49209207	Pancreas	4.11E-40	2.31E-39	-1.210024	"HMEC, HUVEC, IMR90, KBM7, NHEK"	"4.33, 10.67, 7.14, 4.40, 6.00"	32.5429	NA	TRUE	0	2.705	gene_id	S	Muscle - Skeletal	0.071045
rs1131017	12	56435929	RPS26	12	56435637	56438116	Pancreas	3.24E-97	3.83E-96	-2.233405	"HMEC, HUVEC, IMR90, KBM7, NHEK"	"2.33, 1.33, 1.71, 1.60, 2.00"	8.981	NA	TRUE	0	289.35	gene_id	S	Brain - Hippocampus	132.3
rs4511957	4	166565409	TLL1	4	166794410	167025047	Pancreas	7.08E-05	8.23E-05	0.539047	"HMEC, HUVEC, IMR90, KBM7, NHEK"	"1.33, 0.67, 1.71, 0.80, 4.00"	8.5143	NA	TRUE	229001	0.478	gene_id	S	Cells - EBV-transformed lymphocytes	0.0085785
rs2289702	15	79237293	CTSH	15	79213400	79241916	Pancreas	6.55E-20	2.06E-19	-0.85382	"HMEC, HUVEC, IMR90, KBM7, NHEK"	"5.67, 6.67, 6.86, 8.40, 8.00"	35.5905	NA	TRUE	0	20.225	gene_id	S	Cells - Transformed fibroblasts	3.965
rs114006992	1	78825246	FUBP1	1	78409740	78444794	Pituitary	0.00125541	0.001293785	0.302423	HMEC	0.67	0.6667	NA	TRUE	380452	61.05	gene_id	S	Whole Blood	8.269
rs2726036	16	28347140	CCDC101	16	28565247	28603111	Pituitary	1.24E-05	1.58E-05	-0.148144	IMR90	0.57	0.5714	NA	TRUE	218107	23.28	gene_id	S	Brain - Amygdala	7.9505
rs5987015	X	153947981	IDH3G	X	153051221	153057837	Pituitary	0.000106359	0.00012126	0.050621	"IMR90, KBM7"	"0.29, 0.80"	1.0857	NA	TRUE	890144	62.82	gene_id	S	Pancreas	20.805
rs7237497	18	12777325	RP11-973H7.1	18	12774650	12775922	Pituitary	7.97E-07	1.11E-06	-2.138377	"HMEC, HUVEC, KBM7, NHEK"	"0.33, 0.67, 0.40, 2.00"	3.4	NA	TRUE	1403	0.1029	gene_id	S	Brain - Spinal cord (cervical c-1)	0.02205
rs1131017	12	56435929	RPS26	12	56435637	56438116	Pituitary	5.68E-66	5.36E-65	-1.768791	"HMEC, HUVEC, IMR90, KBM7, NHEK"	"2.33, 1.33, 1.71, 1.60, 2.00"	8.981	NA	TRUE	0	382.4	gene_id	S	Brain - Hippocampus	132.3
rs10876870	12	56478002	SUOX	12	56390964	56400425	Pituitary	5.90E-14	1.47E-13	0.280889	"HMEC, HUVEC, IMR90, KBM7"	"0.33, 2.00, 1.14, 0.80"	4.2762	NA	TRUE	77577	19.52	gene_id	S	Whole Blood	3.891
rs1264357	6	30783579	FLOT1	6	30695486	30710510	Pituitary	6.04E-09	1.06E-08	0.346157	"HUVEC, IMR90, KBM7, NHEK"	"2.00, 3.71, 0.40, 2.00"	8.1143	NA	TRUE	73069	189.3	gene_id	S	Pancreas	56.09
rs2289702	15	79237293	CTSH	15	79213400	79241916	Pituitary	2.87E-11	5.90E-11	-0.870476	"HMEC, HUVEC, IMR90, KBM7, NHEK"	"5.67, 6.67, 6.86, 8.40, 8.00"	35.5905	NA	TRUE	0	26.79	gene_id	S	Cells - Transformed fibroblasts	3.965
rs1131017	12	56435929	RPS26	12	56435637	56438116	Prostate	3.69E-46	2.36E-45	-2.200521	"HMEC, HUVEC, IMR90, KBM7, NHEK"	"2.33, 1.33, 1.71, 1.60, 2.00"	8.981	NA	TRUE	0	444.3	gene_id	S	Brain - Hippocampus	132.3
rs11074911	16	28583865	SULT1A2	16	28603264	28608430	Prostate	6.29E-15	1.63E-14	1.597534	"HMEC, HUVEC, IMR90, KBM7"	"0.33, 1.33, 1.14, 1.60"	4.4095	NA	TRUE	19399	0.93065	gene_id	S	Cells - EBV-transformed lymphocytes	0.04549
rs2289702	15	79237293	CTSH	15	79213400	79241916	Prostate	1.42E-08	2.42E-08	-0.666826	"HMEC, HUVEC, IMR90, KBM7, NHEK"	"5.67, 6.67, 6.86, 8.40, 8.00"	35.5905	NA	TRUE	0	75.915	gene_id	S	Cells - Transformed fibroblasts	3.965
rs10876864	12	56401085	SUOX	12	56390964	56400425	Skin_Not_Sun_Exposed_Suprapubic	1.21E-23	4.32E-23	0.355596	"HMEC, HUVEC, IMR90, KBM7"	"1.67, 3.33, 3.43, 2.40"	10.8286	NA	TRUE	660					
rs56413204	6	36004902	SLC26A8	6	35911291	35992645	Skin_Not_Sun_Exposed_Suprapubic	1.96E-14	4.91E-14	1.42523	"HMEC, HUVEC, IMR90, KBM7, NHEK"	"2.67, 8.00, 5.43, 3.60, 2.00"	21.6952	NA	TRUE	12257					
rs12446550	16	28543381	SBK1	16	28303840	28335170	Skin_Not_Sun_Exposed_Suprapubic	6.05E-09	1.06E-08	-0.355668	"IMR90, KBM7"	"0.86, 0.80"	1.6571	NA	TRUE	208211					
rs679574	19	49206108	NTN5	19	49164664	49176338	Skin_Not_Sun_Exposed_Suprapubic	1.98E-13	4.76E-13	0.565752	"HMEC, HUVEC, IMR90, KBM7"	"0.67, 3.33, 0.86, 2.40"	7.2571	NA	TRUE	29770					
rs679574	19	49206108	FUT2	19	49199228	49209207	Skin_Not_Sun_Exposed_Suprapubic	5.03E-30	2.33E-29	-0.79265	"HMEC, HUVEC, IMR90, KBM7, NHEK"	"4.33, 10.67, 7.14, 4.40, 6.00"	32.5429	NA	TRUE	0					
rs1131017	12	56435929	RPS26	12	56435637	56438116	Skin_Not_Sun_Exposed_Suprapubic	6.22E-150	1.47E-148	-2.497436	"HMEC, HUVEC, IMR90, KBM7, NHEK"	"2.33, 1.33, 1.71, 1.60, 2.00"	8.981	NA	TRUE	0					
rs111564203	1	78846520	FAM73A	1	78245309	78344106	Skin_Not_Sun_Exposed_Suprapubic	3.54E-09	6.38E-09	0.458898	"HMEC, HUVEC, KBM7, NHEK"	"0.33, 0.67, 0.80, 2.00"	3.8	NA	TRUE	502414					
rs56380902	17	38066372	ORMDL3	17	38077294	38083854	Skin_Sun_Exposed_Lower_leg	1.56E-07	2.40E-07	-0.095189	"HUVEC, IMR90"	"2.00, 2.29"	4.2857	NA	TRUE	10922					
rs80032177	6	36049716	SLC26A8	6	35911291	35992645	Skin_Sun_Exposed_Lower_leg	1.30E-15	3.49E-15	1.326818	"HMEC, HUVEC, IMR90"	"0.67, 2.00, 2.00"	4.6667	NA	TRUE	57071					
rs516316	19	49206145	FUT2	19	49199228	49209207	Skin_Sun_Exposed_Lower_leg	1.42E-25	5.23E-25	-0.567535	"HMEC, HUVEC, IMR90, KBM7, NHEK"	"4.33, 10.67, 7.14, 4.40, 6.00"	32.5429	NA	TRUE	0					
rs1131017	12	56435929	RPS26	12	56435637	56438116	Skin_Sun_Exposed_Lower_leg	1.51E-195	3.56E-193	-2.298	"HMEC, HUVEC, IMR90, KBM7, NHEK"	"2.33, 1.33, 1.71, 1.60, 2.00"	8.981	NA	TRUE	0					
rs389884	6	31940897	C4A	6	31949801	31970458	Skin_Sun_Exposed_Lower_leg	3.90E-25	1.41E-24	-3.286522	"HMEC, IMR90, KBM7"	"0.33, 0.29, 0.40"	1.019	NA	TRUE	8904					
rs679574	19	49206108	FUT2	19	49199228	49209207	Small_Intestine_Terminal_Ileum	2.89E-10	5.72E-10	-1.133727	"HMEC, HUVEC, IMR90, KBM7, NHEK"	"4.33, 10.67, 7.14, 4.40, 6.00"	32.5429	NA	TRUE	0					
rs1131017	12	56435929	RPS26	12	56435637	56438116	Small_Intestine_Terminal_Ileum	1.30E-43	7.88E-43	-1.9317	"HMEC, HUVEC, IMR90, KBM7, NHEK"	"2.33, 1.33, 1.71, 1.60, 2.00"	8.981	NA	TRUE	0					
rs10883370	10	101291472	RP11-129J12.1	10	101286838	101288018	Small_Intestine_Terminal_Ileum	1.39E-06	1.89E-06	-1.024412	"HMEC, HUVEC, IMR90, NHEK"	"0.67, 2.00, 0.86, 2.00"	5.5238	NA	TRUE	3454					
rs4891780	18	67524383	DOK6	18	67068291	67516323	Small_Intestine_Terminal_Ileum	1.80E-06	2.44E-06	0.485445	"HMEC, HUVEC, IMR90, KBM7, NHEK"	"4.33, 10.00, 7.71, 3.20, 10.00"	35.2476	NA	TRUE	8060					
rs2289702	15	79237293	CTSH	15	79213400	79241916	Small_Intestine_Terminal_Ileum	0.000174434	0.000196969	-0.588667	"HMEC, HUVEC, IMR90, KBM7, NHEK"	"5.67, 6.67, 6.86, 8.40, 8.00"	35.5905	NA	TRUE	0					
rs35999162	3	49597230	IP6K2	3	48725436	48777786	Spleen	1.41E-07	2.19E-07	-0.187442	"HMEC, IMR90"	"0.33, 0.29"	0.619	NA	TRUE	819444	42.655	gene_id	S	Muscle - Skeletal	8.455
rs3761959	1	157669278	RP11-367J7.3	1	157661552	157665829	Spleen	0.000900656	0.000953161	0.858064	"HMEC, HUVEC, IMR90, KBM7, NHEK"	"1.00, 0.67, 2.57, 1.20, 8.00"	13.4381	NA	TRUE	3449	0.7035	gene_id	S	Small Intestine - Terminal Ileum	0.2118
rs3761959	1	157669278	FCRL3	1	157644111	157670647	Spleen	6.16E-14	1.51E-13	0.85689	"HMEC, HUVEC, IMR90, KBM7, NHEK"	"5.67, 8.00, 7.43, 5.60, 16.00"	42.6952	NA	TRUE	0	35.94	gene_id	S	Brain - Cerebellar Hemisphere	0.012565
rs1131017	12	56435929	RPS26	12	56435637	56438116	Spleen	6.02E-59	5.27E-58	-2.333117	"HMEC, HUVEC, IMR90, KBM7, NHEK"	"2.33, 1.33, 1.71, 1.60, 2.00"	8.981	NA	TRUE	0	590.6	gene_id	S	Brain - Hippocampus	132.3
rs653178	12	112007756	SH2B3	12	111843752	111889427	Spleen	0.00099593	0.001035416	-0.140125	"HMEC, HUVEC, IMR90, KBM7"	"0.67, 0.67, 1.71, 1.20"	4.2476	NA	TRUE	118329	59.67	gene_id	S	Brain - Putamen (basal ganglia)	4.5835
rs34593439	15	79234957	CTSH	15	79213400	79241916	Spleen	5.82E-12	1.26E-11	-0.951625	"HMEC, HUVEC, IMR90, KBM7, NHEK"	"7.67, 13.33, 9.43, 8.80, 14.00"	53.2286	NA	TRUE	0	81.78	gene_id	S	Cells - Transformed fibroblasts	3.965
rs679574	19	49206108	FUT2	19	49199228	49209207	Stomach	2.76E-20	8.94E-20	-0.80982	"HMEC, HUVEC, IMR90, KBM7, NHEK"	"4.33, 10.67, 7.14, 4.40, 6.00"	32.5429	NA	TRUE	0	10.945	gene_id	S	Muscle - Skeletal	0.071045
rs1131017	12	56435929	RPS26	12	56435637	56438116	Stomach	1.08E-108	1.81E-107	-1.888837	"HMEC, HUVEC, IMR90, KBM7, NHEK"	"2.33, 1.33, 1.71, 1.60, 2.00"	8.981	NA	TRUE	0	363.2	gene_id	S	Brain - Hippocampus	132.3
rs313839	19	47221557	PRKD2	19	47177532	47220384	Stomach	1.82E-06	2.45E-06	0.193674	"HMEC, HUVEC, IMR90, KBM7, NHEK"	"7.67, 16.00, 11.43, 11.60, 12.00"	58.6952	NA	TRUE	1173	20.77	gene_id	S	Brain - Cerebellar Hemisphere	2.442
rs6793308	3	49424283	DAG1	3	49506146	49573048	Stomach	0.00092418	0.00097369	0.1024	"HMEC, HUVEC, IMR90, KBM7, NHEK"	"0.67, 2.67, 1.71, 2.80, 2.00"	9.8476	NA	TRUE	81863	35.485	gene_id	S	Whole Blood	1.432
rs2523989	6	30078275	TRIM31	6	30070674	30080883	Stomach	3.59E-05	4.35E-05	-2.722039	"HMEC, HUVEC, IMR90, KBM7, NHEK"	"2.33, 4.67, 4.57, 3.20, 2.00"	16.7714	NA	TRUE	0	2.8465	gene_id	S	Heart - Left Ventricle	0.005453
rs1264351	6	30792117	FLOT1	6	30695486	30710510	Stomach	2.37E-06	3.14E-06	0.171524	"HMEC, HUVEC, IMR90, KBM7, NHEK"	"2.33, 4.00, 5.14, 2.00, 2.00"	15.4762	NA	TRUE	81607	104	gene_id	S	Pancreas	56.09
rs2289702	15	79237293	CTSH	15	79213400	79241916	Stomach	1.61E-16	4.46E-16	-1.010185	"HMEC, HUVEC, IMR90, KBM7, NHEK"	"5.67, 6.67, 6.86, 8.40, 8.00"	35.5905	NA	TRUE	0	46.725	gene_id	S	Cells - Transformed fibroblasts	3.965
rs6110697	20	1615661	RP11-77C3.3	20	1614154	1629118	Testis	4.10E-18	1.18E-17	0.994299	"HMEC, HUVEC, IMR90, KBM7, NHEK"	"3.33, 6.00, 5.43, 4.40, 2.00"	21.1619	NA	TRUE	0	1.76	gene_id	S	Cervix - Ectocervix	0.01098
rs240707	16	28524612	CLN3	16	28488600	28505307	Testis	0.000879479	0.000934942	0.076178	"HMEC, HUVEC, IMR90, KBM7, NHEK"	"0.67, 4.67, 2.57, 2.40, 2.00"	12.3048	NA	TRUE	19305	18.1	gene_id	S	Heart - Left Ventricle	6.353
rs60342497	6	36061461	SRPK1	6	35800743	35889119	Testis	9.92E-06	1.28E-05	0.063556	"HMEC, HUVEC, IMR90, KBM7, NHEK"	"1.00, 4.67, 5.43, 1.20, 4.00"	16.2952	NA	TRUE	172342	52.07	gene_id	S	Heart - Left Ventricle	4.173
rs1131017	12	56435929	RPS26	12	56435637	56438116	Testis	1.09E-87	1.08E-86	-1.249232	"HMEC, HUVEC, IMR90, KBM7, NHEK"	"2.33, 1.33, 1.71, 1.60, 2.00"	8.981	NA	TRUE	0	195.9	gene_id	S	Brain - Hippocampus	132.3
rs1131017	12	56435929	SUOX	12	56390964	56400425	Testis	5.97E-17	1.68E-16	0.264963	"HMEC, HUVEC, IMR90"	"0.67, 2.00, 1.71"	4.381	NA	TRUE	35504	9.778	gene_id	S	Whole Blood	3.891
rs1264352	6	30789647	MUC22	6	30978251	31003179	Testis	0.000112195	0.000127298	0.553136	"HUVEC, IMR90"	"1.33, 0.29"	1.619	NA	TRUE	188604	0.1673	gene_id	S	Adipose - Visceral (Omentum)	0.003807
rs3087243	2	204738919	CTLA4	2	204732509	204738683	Testis	7.82E-12	1.68E-11	0.349497	"HMEC, HUVEC, IMR90, KBM7, NHEK"	"2.33, 1.33, 1.43, 2.00, 8.00"	15.0952	NA	TRUE	236	2.449	gene_id	S	Cells - Transformed fibroblasts	0.03568
rs2289702	15	79237293	CTSH	15	79213400	79241916	Testis	1.75E-13	4.27E-13	-0.601647	"HMEC, HUVEC, IMR90, KBM7, NHEK"	"5.67, 6.67, 6.86, 8.40, 8.00"	35.5905	NA	TRUE	0	15.71	gene_id	S	Cells - Transformed fibroblasts	3.965
rs2847274	18	12777603	RP11-973H7.1	18	12774650	12775922	Thyroid	1.22E-10	2.45E-10	-1.376101	"HMEC, HUVEC, KBM7, NHEK"	"0.33, 0.67, 0.40, 2.00"	3.4	NA	TRUE	1681	0.1388	gene_id	S	Brain - Spinal cord (cervical c-1)	0.02205
rs4788073	16	28594549	SBK1	16	28303840	28335170	Thyroid	4.91E-05	5.85E-05	-0.106438	"HMEC, HUVEC, IMR90, KBM7, NHEK"	"1.00, 2.67, 0.57, 0.80, 2.00"	7.0381	NA	TRUE	259379	6.196	gene_id	S	Cells - Transformed fibroblasts	0.03157
rs3842756	11	2180772	TH	11	2185159	2193107	Thyroid	1.46E-11	3.05E-11	-2.206477	"HMEC, HUVEC, IMR90, KBM7, NHEK"	"0.67, 1.33, 1.71, 1.20, 4.00"	8.9143	NA	TRUE	4387	0.1532	gene_id	S	Whole Blood	0.01359
rs516316	19	49206145	NTN5	19	49164664	49176338	Thyroid	1.46E-20	4.80E-20	0.723019	"HMEC, HUVEC, IMR90, KBM7"	"0.67, 3.33, 0.86, 2.40"	7.2571	NA	TRUE	29807	3.459	gene_id	S	Cells - EBV-transformed lymphocytes	0.09671
rs1131017	12	56435929	RPS26	12	56435637	56438116	Thyroid	2.42E-162	8.15E-161	-2.088058	"HMEC, HUVEC, IMR90, KBM7, NHEK"	"2.33, 1.33, 1.71, 1.60, 2.00"	8.981	NA	TRUE	0	468.65	gene_id	S	Brain - Hippocampus	132.3
rs2210913	1	157668993	FCRL3	1	157644111	157670647	Thyroid	2.19E-07	3.29E-07	0.931331	"HMEC, HUVEC, IMR90, KBM7, NHEK"	"3.67, 6.67, 6.29, 5.60, 10.00"	32.219	NA	TRUE	0	0.21	gene_id	S	Brain - Cerebellar Hemisphere	0.012565
rs2237096	6	36008002	SLC26A8	6	35911291	35992645	Thyroid	7.49E-58	6.31E-57	2.412245	"HMEC, HUVEC, IMR90, KBM7"	"1.67, 6.67, 7.14, 4.00"	19.4762	NA	TRUE	15357	0.52045	gene_id	S	Cells - EBV-transformed lymphocytes	0.039085
rs113003633	7	26862983	HOXA5	7	27180671	27183287	Thyroid	2.59E-05	3.20E-05	0.672561	"HMEC, KBM7"	"0.33, 0.40"	0.7333	NA	TRUE	317688	2.5005	gene_id	S	Brain - Putamen (basal ganglia)	0.01236
rs2289702	15	79237293	CTSH	15	79213400	79241916	Thyroid	7.17E-40	3.94E-39	-1.42865	"HMEC, HUVEC, IMR90, KBM7, NHEK"	"5.67, 6.67, 6.86, 8.40, 8.00"	35.5905	NA	TRUE	0	40.87	gene_id	S	Cells - Transformed fibroblasts	3.965
rs62324212	4	123560939	CCNA2	4	122737603	122745087	Uterus	0.000942411	0.000988484	0.348549	"HUVEC, NHEK"	"0.67, 2.00"	2.6667	NA	TRUE	815852	6.507	gene_id	S	Muscle - Skeletal	0.44985
rs16883819	6	35997768	SLC26A8	6	35911291	35992645	Uterus	5.79E-05	6.83E-05	1.454115	"HMEC, HUVEC, IMR90, KBM7"	"4.00, 3.33, 6.86, 3.60"	17.7905	NA	TRUE	5123	0.1493	gene_id	S	Cells - EBV-transformed lymphocytes	0.039085
rs1074631	16	28554108	SULT1A2	16	28603264	28608430	Uterus	3.21E-09	5.87E-09	1.84646	"HMEC, HUVEC"	"0.33, 1.33"	1.6667	NA	TRUE	49156	0.5487	gene_id	S	Cells - EBV-transformed lymphocytes	0.04549
rs1131017	12	56435929	RPS26	12	56435637	56438116	Uterus	9.68E-36	4.86E-35	-2.576615	"HMEC, HUVEC, IMR90, KBM7, NHEK"	"2.33, 1.33, 1.71, 1.60, 2.00"	8.981	NA	TRUE	0	586.6	gene_id	S	Brain - Hippocampus	132.3
rs7237497	18	12777325	RP11-973H7.1	18	12774650	12775922	Vagina	1.12E-05	1.43E-05	-1.986505	"HMEC, HUVEC, KBM7, NHEK"	"0.33, 0.67, 0.40, 2.00"	3.4	NA	TRUE	1403	0.1395	gene_id	S	Brain - Spinal cord (cervical c-1)	0.02205
rs11464691	17	38770640	SMARCE1	17	38781214	38804760	Vagina	2.68E-07	3.96E-07	-0.19674	"HMEC, HUVEC, IMR90, KBM7, NHEK"	"2.00, 1.33, 4.86, 3.20, 4.00"	15.3905	NA	TRUE	10574	33.02	gene_id	S	Whole Blood	7.448
rs3761959	1	157669278	FCRL3	1	157644111	157670647	Vagina	2.16E-05	2.70E-05	1.535041	"HMEC, HUVEC, IMR90, KBM7, NHEK"	"5.67, 8.00, 7.43, 5.60, 16.00"	42.6952	NA	TRUE	0	0.128	gene_id	S	Brain - Cerebellar Hemisphere	0.012565
rs1131017	12	56435929	RPS26	12	56435637	56438116	Vagina	3.84E-38	2.06E-37	-2.675833	"HMEC, HUVEC, IMR90, KBM7, NHEK"	"2.33, 1.33, 1.71, 1.60, 2.00"	8.981	NA	TRUE	0	541.6	gene_id	S	Brain - Hippocampus	132.3
rs3842729	11	2184336	IGF2	11	2150342	2170833	Whole_Blood	0.000478381	0.000522676	-0.449612	"HMEC, HUVEC, IMR90, KBM7, NHEK"	"0.67, 0.67, 0.57, 2.40, 2.00"	6.3048	NA	TRUE	13503					
rs231976	16	28545587	APOBR	16	28505970	28510291	Whole_Blood	0.000452268	0.000496443	-0.121593	"HMEC, IMR90, KBM7, NHEK"	"0.67, 0.57, 0.80, 2.00"	4.0381	NA	TRUE	35296					
rs151234	16	28505660	IL27	16	28510683	28523372	Whole_Blood	1.52E-08	2.59E-08	-0.658835	"HMEC, HUVEC, IMR90, KBM7, NHEK"	"1.33, 3.33, 3.71, 3.60, 6.00"	17.981	NA	TRUE	5023					
rs3761959	1	157669278	FCRL3	1	157644111	157670647	Whole_Blood	4.18E-26	1.57E-25	0.735431	"HMEC, HUVEC, IMR90, KBM7, NHEK"	"5.67, 8.00, 7.43, 5.60, 16.00"	42.6952	NA	TRUE	0					
rs679574	19	49206108	NTN5	19	49164664	49176338	Whole_Blood	7.08E-05	8.23E-05	0.500103	"HMEC, HUVEC, IMR90, KBM7"	"0.67, 3.33, 0.86, 2.40"	7.2571	NA	TRUE	29770					
rs1131017	12	56435929	RPS26	12	56435637	56438116	Whole_Blood	5.82E-101	8.08E-100	-2.722221	"HMEC, HUVEC, IMR90, KBM7, NHEK"	"2.33, 1.33, 1.71, 1.60, 2.00"	8.981	NA	TRUE	0					
rs886425	6	30781301	LINC00243	6	30766431	30798436	Whole_Blood	3.18E-13	7.57E-13	1.167792	"HMEC, HUVEC, IMR90, KBM7, NHEK"	"8.33, 18.67, 14.57, 7.20, 20.00"	68.7714	NA	TRUE	0					
